Year,Global Temperature Anomalies(APR),Global Temperature Anomalies(AUG),Global Temperature Anomalies(DEC),Global Temperature Anomalies(FEB),Global Temperature Anomalies(JAN),Global Temperature Anomalies(JUL),Global Temperature Anomalies(JUN),Global Temperature Anomalies(MAR),Global Temperature Anomalies(MAY),Global Temperature Anomalies(NOV),Global Temperature Anomalies(OCT),Global Temperature Anomalies(SEP),MEI.v2(APR),MEI.v2(AUG),MEI.v2(DEC),MEI.v2(FEB),MEI.v2(JAN),MEI.v2(JUL),MEI.v2(JUN),MEI.v2(MAR),MEI.v2(MAY),MEI.v2(NOV),MEI.v2(OCT),MEI.v2(SEP),Nino 1+2 SST(APR),Nino 1+2 SST(AUG),Nino 1+2 SST(DEC),Nino 1+2 SST(FEB),Nino 1+2 SST(JAN),Nino 1+2 SST(JUL),Nino 1+2 SST(JUN),Nino 1+2 SST(MAR),Nino 1+2 SST(MAY),Nino 1+2 SST(NOV),Nino 1+2 SST(OCT),Nino 1+2 SST(SEP),Nino 1+2 SST Anomalies(APR),Nino 1+2 SST Anomalies(AUG),Nino 1+2 SST Anomalies(DEC),Nino 1+2 SST Anomalies(FEB),Nino 1+2 SST Anomalies(JAN),Nino 1+2 SST Anomalies(JUL),Nino 1+2 SST Anomalies(JUN),Nino 1+2 SST Anomalies(MAR),Nino 1+2 SST Anomalies(MAY),Nino 1+2 SST Anomalies(NOV),Nino 1+2 SST Anomalies(OCT),Nino 1+2 SST Anomalies(SEP),Nino 3 SST(APR),Nino 3 SST(AUG),Nino 3 SST(DEC),Nino 3 SST(FEB),Nino 3 SST(JAN),Nino 3 SST(JUL),Nino 3 SST(JUN),Nino 3 SST(MAR),Nino 3 SST(MAY),Nino 3 SST(NOV),Nino 3 SST(OCT),Nino 3 SST(SEP),Nino 3 SST Anomalies(APR),Nino 3 SST Anomalies(AUG),Nino 3 SST Anomalies(DEC),Nino 3 SST Anomalies(FEB),Nino 3 SST Anomalies(JAN),Nino 3 SST Anomalies(JUL),Nino 3 SST Anomalies(JUN),Nino 3 SST Anomalies(MAR),Nino 3 SST Anomalies(MAY),Nino 3 SST Anomalies(NOV),Nino 3 SST Anomalies(OCT),Nino 3 SST Anomalies(SEP),Nino 3.4 SST(APR),Nino 3.4 SST(AUG),Nino 3.4 SST(DEC),Nino 3.4 SST(FEB),Nino 3.4 SST(JAN),Nino 3.4 SST(JUL),Nino 3.4 SST(JUN),Nino 3.4 SST(MAR),Nino 3.4 SST(MAY),Nino 3.4 SST(NOV),Nino 3.4 SST(OCT),Nino 3.4 SST(SEP),Nino 3.4 SST Anomalies(APR),Nino 3.4 SST Anomalies(AUG),Nino 3.4 SST Anomalies(DEC),Nino 3.4 SST Anomalies(FEB),Nino 3.4 SST Anomalies(JAN),Nino 3.4 SST Anomalies(JUL),Nino 3.4 SST Anomalies(JUN),Nino 3.4 SST Anomalies(MAR),Nino 3.4 SST Anomalies(MAY),Nino 3.4 SST Anomalies(NOV),Nino 3.4 SST Anomalies(OCT),Nino 3.4 SST Anomalies(SEP),Nino 4 SST(APR),Nino 4 SST(AUG),Nino 4 SST(DEC),Nino 4 SST(FEB),Nino 4 SST(JAN),Nino 4 SST(JUL),Nino 4 SST(JUN),Nino 4 SST(MAR),Nino 4 SST(MAY),Nino 4 SST(NOV),Nino 4 SST(OCT),Nino 4 SST(SEP),Nino 4 SST Anomalies(APR),Nino 4 SST Anomalies(AUG),Nino 4 SST Anomalies(DEC),Nino 4 SST Anomalies(FEB),Nino 4 SST Anomalies(JAN),Nino 4 SST Anomalies(JUL),Nino 4 SST Anomalies(JUN),Nino 4 SST Anomalies(MAR),Nino 4 SST Anomalies(MAY),Nino 4 SST Anomalies(NOV),Nino 4 SST Anomalies(OCT),Nino 4 SST Anomalies(SEP),OLR(APR),OLR(AUG),OLR(DEC),OLR(FEB),OLR(JAN),OLR(JUL),OLR(JUN),OLR(MAR),OLR(MAY),OLR(NOV),OLR(OCT),OLR(SEP),ONI(APR),ONI(AUG),ONI(DEC),ONI(FEB),ONI(JAN),ONI(JUL),ONI(JUN),ONI(MAR),ONI(MAY),ONI(NOV),ONI(OCT),ONI(SEP),PNA(APR),PNA(AUG),PNA(DEC),PNA(FEB),PNA(JAN),PNA(JUL),PNA(JUN),PNA(MAR),PNA(MAY),PNA(NOV),PNA(OCT),PNA(SEP),SOI(APR),SOI(AUG),SOI(DEC),SOI(FEB),SOI(JAN),SOI(JUL),SOI(JUN),SOI(MAR),SOI(MAY),SOI(NOV),SOI(OCT),SOI(SEP),TNI(APR),TNI(AUG),TNI(DEC),TNI(FEB),TNI(JAN),TNI(JUL),TNI(JUN),TNI(MAR),TNI(MAY),TNI(NOV),TNI(OCT),TNI(SEP)
1950,-0.16,-0.09,-0.12,-0.26,-0.2,-0.09,-0.02,-0.08,-0.02,-0.25,-0.14,-0.06,,,,,,,,,,,,,,,,,,,,,,,,,,,,,,,,,,,,,,,,,,,,,,,,,,,,,,,,,,,,,,,,,,,,,,,,,,,,,,,,,,,,,,,,,,,,,,,,,,,,,,,,,,,,,,,,,,,,,,,,,-1.2,-0.4,-0.8,-1.3,-1.5,-0.5,-0.9,-1.2,-1.1,-0.6,-0.4,-0.4,-0.23,0.79,-0.28,-1.69,-3.65,-0.82,-1.99,-0.06,-0.4,-1.74,0.7,-1.0,,,,,,,,,,,,,0.311,0.316,1.239,0.445,0.624,0.293,0.213,0.382,0.124,0.993,0.69,0.564
1951,-0.09,0.11,0.21,-0.37,-0.31,0.1,0.03,-0.16,0.04,0.03,0.13,0.17,,,,,,,,,,,,,,,,,,,,,,,,,,,,,,,,,,,,,,,,,,,,,,,,,,,,,,,,,,,,,,,,,,,,,,,,,,,,,,,,,,,,,,,,,,,,,,,,,,,,,,,,,,,,,,,,,,,,,,,,,0.2,0.9,0.8,-0.5,-0.8,0.7,0.6,-0.2,0.4,1.0,1.2,1.0,0.47,0.02,-1.59,-2.11,-1.18,-0.44,-0.54,-1.09,1.19,0.21,0.43,-0.08,-0.3,-0.2,-0.7,0.9,1.5,-1.0,0.2,-0.1,-0.7,-0.8,-1.0,-1.1,1.457,1.493,0.294,1.461,1.315,1.521,1.627,1.59,1.615,0.492,0.799,1.255
1952,0.07,0.06,0.05,0.11,0.14,0.07,0.05,-0.03,0.08,-0.08,0.01,0.09,,,,,,,,,,,,,,,,,,,,,,,,,,,,,,,,,,,,,,,,,,,,,,,,,,,,,,,,,,,,,,,,,,,,,,,,,,,,,,,,,,,,,,,,,,,,,,,,,,,,,,,,,,,,,,,,,,,,,,,,,0.3,0.0,0.2,0.4,0.5,-0.1,0.0,0.3,0.2,0.0,0.1,0.2,0.89,0.77,0.63,0.08,-3.19,-1.57,0.53,-0.69,-0.79,0.77,1.05,0.4,-0.2,0.1,-1.2,-0.6,-0.9,0.5,0.7,0.5,0.8,0.0,0.4,-0.2,-0.374,-0.703,-0.167,-0.293,0.168,-0.702,-0.718,-0.368,-0.567,-0.566,-0.449,-0.704
1953,0.26,0.1,0.07,0.15,0.07,0.08,0.21,0.14,0.2,0.04,0.13,0.07,,,,,,,,,,,,,,,,,,,,,,,,,,,,,,,,,,,,,,,,,,,,,,,,,,,,,,,,,,,,,,,,,,,,,,,,,,,,,,,,,,,,,,,,,,,,,,,,,,,,,,,,,,,,,,,,,,,,,,,,,0.7,0.7,0.8,0.6,0.4,0.8,0.8,0.6,0.8,0.8,0.8,0.8,0.78,-1.15,0.96,1.04,0.18,0.27,-1.6,-0.44,1.14,1.57,2.27,-0.14,0.2,-1.2,-0.5,-0.5,0.3,0.0,0.1,-0.2,-1.7,-0.3,0.1,-1.2,0.55,0.196,-0.537,0.15,-0.027,0.409,0.532,0.325,0.428,-0.426,0.128,0.12
1954,-0.08,-0.05,-0.12,-0.06,-0.2,-0.09,-0.06,-0.14,-0.12,0.09,-0.01,-0.02,,,,,,,,,,,,,,,,,,,,,,,,,,,,,,,,,,,,,,,,,,,,,,,,,,,,,,,,,,,,,,,,,,,,,,,,,,,,,,,,,,,,,,,,,,,,,,,,,,,,,,,,,,,,,,,,,,,,,,,,,-0.4,-0.8,-0.7,0.5,0.8,-0.6,-0.5,-0.1,-0.5,-0.7,-0.8,-0.9,-2.86,-0.11,-0.82,-0.48,-2.11,-0.14,0.09,-1.44,0.65,1.38,0.99,-0.04,0.6,1.1,1.4,-0.3,0.7,0.4,0.1,0.3,0.5,0.1,0.3,0.2,-1.702,-0.982,0.081,-1.25,-0.655,-1.338,-1.8,-1.788,-1.839,-0.189,-0.464,-0.607
1955,-0.2,-0.02,-0.27,-0.17,0.12,-0.11,-0.08,-0.29,-0.15,-0.26,-0.09,-0.04,,,,,,,,,,,,,,,,,,,,,,,,,,,,,,,,,,,,,,,,,,,,,,,,,,,,,,,,,,,,,,,,,,,,,,,,,,,,,,,,,,,,,,,,,,,,,,,,,,,,,,,,,,,,,,,,,,,,,,,,,-0.8,-0.8,-1.5,-0.6,-0.7,-0.7,-0.7,-0.7,-0.8,-1.7,-1.4,-1.1,-0.24,-0.55,-2.37,-2.62,-0.14,-1.32,0.11,-2.47,-0.42,-0.93,0.51,-0.22,-0.1,1.5,1.0,1.9,-0.5,1.6,1.3,0.6,1.0,1.2,1.5,1.3,0.358,0.147,0.84,0.489,0.316,0.045,0.319,0.619,0.399,0.545,0.411,0.346
1956,-0.25,-0.19,-0.02,-0.17,-0.12,-0.12,-0.16,-0.16,-0.26,-0.15,-0.22,-0.23,,,,,,,,,,,,,,,,,,,,,,,,,,,,,,,,,,,,,,,,,,,,,,,,,,,,,,,,,,,,,,,,,,,,,,,,,,,,,,,,,,,,,,,,,,,,,,,,,,,,,,,,,,,,,,,,,,,,,,,,,-0.5,-0.6,-0.4,-0.8,-1.1,-0.6,-0.5,-0.6,-0.5,-0.4,-0.4,-0.5,-0.17,-0.23,-0.61,-1.69,-2.34,-1.28,-0.08,-0.97,-0.17,1.0,-2.16,0.42,0.9,1.2,1.1,1.6,1.3,1.1,1.1,1.3,1.4,0.2,1.8,0.1,0.993,0.767,-0.111,1.119,1.092,0.707,0.723,0.977,0.983,-0.035,0.341,0.661
1957,-0.05,0.26,0.17,-0.09,-0.06,0.01,0.15,-0.09,0.06,0.08,0.09,0.17,,,,,,,,,,,,,,,,,,,,,,,,,,,,,,,,,,,,,,,,,,,,,,,,,,,,,,,,,,,,,,,,,,,,,,,,,,,,,,,,,,,,,,,,,,,,,,,,,,,,,,,,,,,,,,,,,,,,,,,,,0.7,1.3,1.7,0.1,-0.3,1.3,1.1,0.4,0.9,1.5,1.4,1.3,-0.41,-0.99,-0.73,-1.89,-2.18,-0.11,0.24,0.78,1.24,0.49,0.46,-0.22,0.2,-0.5,-0.3,-0.1,0.6,0.2,0.2,0.2,-0.7,-1.0,0.0,-0.9,1.41,1.414,-0.27,0.26,0.09,1.606,1.62,0.651,1.734,0.137,0.631,0.985
1958,0.06,0.01,0.08,0.26,0.35,0.02,-0.03,0.12,0.1,0.03,0.04,-0.03,,,,,,,,,,,,,,,,,,,,,,,,,,,,,,,,,,,,,,,,,,,,,,,,,,,,,,,,,,,,,,,,,,,,,,,,,,,,,,,,,,,,,,,,,,,,,,,,,,,,,,,,,,,,,,,,,,,,,,,,,0.9,0.4,0.6,1.7,1.8,0.6,0.6,1.3,0.7,0.5,0.4,0.4,0.31,2.13,0.35,0.36,0.62,0.74,1.48,0.18,0.66,0.08,0.34,-0.05,0.4,0.9,-0.6,-0.5,-1.9,0.4,0.3,0.3,-0.5,-0.4,0.1,-0.3,-0.258,-0.244,-0.599,-0.523,-0.639,-0.231,-0.042,-0.566,-0.005,-0.503,-0.593,-0.337
1959,0.17,0.04,0.02,0.1,0.07,0.08,0.11,0.19,0.04,-0.03,-0.06,0.1,,,,,,,,,,,,,,,,,,,,,,,,,,,,,,,,,,,,,,,,,,,,,,,,,,,,,,,,,,,,,,,,,,,,,,,,,,,,,,,,,,,,,,,,,,,,,,,,,,,,,,,,,,,,,,,,,,,,,,,,,0.3,-0.3,0.0,0.6,0.6,-0.2,-0.1,0.5,0.2,0.1,0.0,-0.1,-0.9,1.03,0.36,-1.23,-1.54,-0.45,1.08,0.21,-0.3,0.26,0.23,1.19,0.4,-0.1,0.9,-1.4,-0.9,-0.3,-0.1,1.3,0.5,0.9,0.5,0.0,0.102,-0.384,0.363,-0.319,-0.468,-0.387,-0.246,-0.13,0.094,0.184,-0.109,-0.307
1960,-0.09,0.01,0.25,0.11,0.05,0.08,0.08,-0.25,-0.04,-0.11,0.08,0.12,,,,,,,,,,,,,,,,,,,,,,,,,,,,,,,,,,,,,,,,,,,,,,,,,,,,,,,,,,,,,,,,,,,,,,,,,,,,,,,,,,,,,,,,,,,,,,,,,,,,,,,,,,,,,,,,,,,,,,,,,0.0,0.2,0.1,-0.1,-0.1,0.1,0.0,-0.1,0.0,0.1,0.2,0.3,-0.07,1.85,1.15,-0.22,-0.16,1.11,1.2,-0.69,0.99,-0.52,0.48,-0.01,0.8,0.8,0.8,0.1,0.1,0.5,0.1,1.0,0.5,0.5,0.1,0.7,-0.262,-0.493,-0.076,0.095,0.438,-0.409,-0.602,-0.051,-0.521,-0.357,-0.507,-0.487
1961,0.21,0.05,-0.09,0.17,0.14,0.05,0.1,0.1,0.04,0.04,-0.12,0.08,,,,,,,,,,,,,,,,,,,,,,,,,,,,,,,,,,,,,,,,,,,,,,,,,,,,,,,,,,,,,,,,,,,,,,,,,,,,,,,,,,,,,,,,,,,,,,,,,,,,,,,,,,,,,,,,,,,,,,,,,0.1,-0.1,-0.2,0.0,0.0,0.1,0.3,0.0,0.2,-0.2,-0.3,-0.3,-1.14,0.47,-1.54,0.17,1.16,-0.52,1.84,0.28,-0.25,-0.4,-1.94,1.1,0.8,0.2,1.5,0.9,-0.3,0.2,0.1,-1.8,0.3,0.5,-0.3,0.1,0.23,-0.489,0.618,0.325,0.146,-0.583,-0.396,0.468,-0.237,0.371,0.059,-0.312
1962,-0.01,0.07,0.06,0.1,0.07,0.1,-0.07,0.16,0.02,0.11,0.02,-0.04,,,,,,,,,,,,,,,,,,,,,,,,,,,,,,,,,,,,,,,,,,,,,,,,,,,,,,,,,,,,,,,,,,,,,,,,,,,,,,,,,,,,,,,,,,,,,,,,,,,,,,,,,,,,,,,,,,,,,,,,,-0.3,-0.1,-0.4,-0.2,-0.2,0.0,-0.2,-0.2,-0.3,-0.3,-0.2,-0.1,-1.5,0.57,-0.38,-0.54,-0.74,-0.36,-0.97,-0.71,-1.11,0.53,1.33,-0.83,0.2,0.6,0.2,-0.3,2.0,0.1,0.7,0.1,1.1,0.3,1.0,0.4,-0.71,-0.61,-0.306,-0.102,0.329,-0.498,-0.853,-0.282,-0.999,-0.321,-0.482,-0.537
1963,0.01,0.17,0.05,0.21,0.02,0.04,0.09,-0.13,-0.02,0.19,0.21,0.13,,,,,,,,,,,,,,,,,,,,,,,,,,,,,,,,,,,,,,,,,,,,,,,,,,,,,,,,,,,,,,,,,,,,,,,,,,,,,,,,,,,,,,,,,,,,,,,,,,,,,,,,,,,,,,,,,,,,,,,,,0.3,1.1,1.3,-0.2,-0.4,0.9,0.5,0.2,0.3,1.4,1.3,1.2,-0.79,-1.01,1.46,0.79,0.09,-1.1,0.5,-2.04,-0.95,-0.31,0.93,0.87,0.8,0.0,-1.2,0.6,1.0,-0.1,-0.5,1.1,0.4,-0.8,-1.2,-0.6,0.003,-0.367,-1.273,-0.111,-0.127,-0.173,-0.251,0.063,-0.1,-0.93,-0.722,-0.625
1964,-0.24,-0.19,-0.24,-0.11,-0.08,-0.01,-0.05,-0.15,-0.15,-0.2,-0.27,-0.15,,,,,,,,,,,,,,,,,,,,,,,,,,,,,,,,,,,,,,,,,,,,,,,,,,,,,,,,,,,,,,,,,,,,,,,,,,,,,,,,,,,,,,,,,,,,,,,,,,,,,,,,,,,,,,,,,,,,,,,,,-0.3,-0.7,-0.8,0.6,1.1,-0.6,-0.6,0.1,-0.6,-0.8,-0.8,-0.8,-1.3,0.83,-2.03,1.36,-0.44,0.2,0.27,-1.31,-2.27,-0.78,0.8,0.92,1.1,1.5,-0.3,0.0,-0.4,0.6,0.8,1.1,0.2,0.2,1.3,1.3,-1.424,0.019,0.879,-1.304,-1.342,-0.526,-0.993,-1.543,-1.178,0.909,0.781,0.473
1965,-0.11,0.01,-0.02,-0.15,-0.09,0.0,-0.08,-0.11,-0.19,0.03,0.01,-0.07,,,,,,,,,,,,,,,,,,,,,,,,,,,,,,,,,,,,,,,,,,,,,,,,,,,,,,,,,,,,,,,,,,,,,,,,,,,,,,,,,,,,,,,,,,,,,,,,,,,,,,,,,,,,,,,,,,,,,,,,,0.2,1.5,1.7,-0.3,-0.6,1.2,0.8,-0.1,0.5,2.0,2.0,1.9,-1.07,0.32,-1.56,-1.03,-0.92,-1.26,1.89,-0.8,-0.42,-0.81,1.42,0.36,-0.5,-0.7,0.2,0.4,-0.4,-1.8,-0.6,0.8,0.2,-1.5,-0.9,-1.3,2.175,0.758,-0.56,1.393,1.119,1.484,2.019,1.838,2.209,-0.336,-0.107,0.214
1966,-0.07,-0.02,0.01,-0.05,-0.14,0.09,0.1,-0.03,-0.1,0.01,-0.14,0.06,,,,,,,,,,,,,,,,,,,,,,,,,,,,,,,,,,,,,,,,,,,,,,,,,,,,,,,,,,,,,,,,,,,,,,,,,,,,,,,,,,,,,,,,,,,,,,,,,,,,,,,,,,,,,,,,,,,,,,,,,0.7,0.1,-0.3,1.2,1.4,0.2,0.2,1.0,0.4,-0.2,-0.1,-0.1,-0.54,1.26,-0.21,-2.05,-0.15,-1.18,0.1,0.43,-0.15,-1.96,-0.61,0.63,-0.2,0.6,-0.3,-0.2,-1.3,0.1,0.3,-0.9,-0.4,0.0,-0.1,-0.2,-2.177,-1.699,-0.224,-1.485,-1.127,-1.867,-2.009,-1.806,-2.362,-0.774,-1.178,-1.408
1967,0.0,0.08,0.03,-0.15,-0.11,-0.02,0.02,0.05,0.21,-0.04,0.12,-0.04,,,,,,,,,,,,,,,,,,,,,,,,,,,,,,,,,,,,,,,,,,,,,,,,,,,,,,,,,,,,,,,,,,,,,,,,,,,,,,,,,,,,,,,,,,,,,,,,,,,,,,,,,,,,,,,,,,,,,,,,,-0.5,-0.2,-0.4,-0.5,-0.4,0.1,0.0,-0.5,-0.2,-0.3,-0.4,-0.3,-1.91,-0.35,-1.12,-0.2,-1.16,-1.24,-0.33,-2.25,-0.8,-0.35,1.1,0.11,0.0,0.7,-0.6,1.7,1.7,0.2,0.6,1.2,0.0,-0.4,0.1,0.5,-0.461,-1.543,-1.545,-0.022,-0.079,-1.449,-1.254,-0.14,-0.974,-1.619,-1.722,-1.674
1968,-0.04,-0.03,-0.07,-0.1,-0.19,-0.05,-0.13,0.17,-0.17,-0.05,0.04,-0.11,,,,,,,,,,,,,,,,,,,,,,,,,,,,,,,,,,,,,,,,,,,,,,,,,,,,,,,,,,,,,,,,,,,,,,,,,,,,,,,,,,,,,,,,,,,,,,,,,,,,,,,,,,,,,,,,,,,,,,,,,-0.4,0.5,1.0,-0.7,-0.6,0.6,0.3,-0.6,0.0,0.7,0.6,0.5,-1.11,1.3,-1.74,1.11,-1.78,-0.04,-0.08,0.13,0.23,0.83,0.45,-0.87,0.0,0.3,0.2,1.3,0.5,0.7,1.1,0.1,1.2,-0.3,-0.1,-0.3,-1.245,-0.534,-1.508,-1.172,-1.335,-0.69,-1.07,-1.108,-1.197,-0.785,-0.398,-0.441
1969,0.11,0.1,0.32,-0.11,-0.08,0.1,0.0,0.08,0.18,0.15,0.1,0.14,,,,,,,,,,,,,,,,,,,,,,,,,,,,,,,,,,,,,,,,,,,,,,,,,,,,,,,,,,,,,,,,,,,,,,,,,,,,,,,,,,,,,,,,,,,,,,,,,,,,,,,,,,,,,,,,,,,,,,,,,0.8,0.5,0.6,1.1,1.1,0.4,0.4,1.0,0.6,0.8,0.9,0.8,0.48,-0.69,1.53,-1.97,-2.96,0.51,2.11,0.47,1.02,0.13,0.55,1.31,-0.4,-0.1,0.4,-0.5,-1.5,-0.5,0.2,0.4,-0.2,-0.1,-0.9,-1.0,0.053,-0.1,-0.348,-1.156,-1.509,0.191,0.491,-0.713,0.623,-0.302,-0.5,-0.463
1970,0.08,0.03,-0.1,0.21,0.15,0.02,0.05,0.07,0.05,0.04,-0.03,0.06,,,,,,,,,,,,,,,,,,,,,,,,,,,,,,,,,,,,,,,,,,,,,,,,,,,,,,,,,,,,,,,,,,,,,,,,,,,,,,,,,,,,,,,,,,,,,,,,,,,,,,,,,,,,,,,,,,,,,,,,,0.2,-0.8,-1.2,0.3,0.5,-0.6,-0.3,0.3,0.0,-0.9,-0.7,-0.8,-0.66,-0.6,-1.09,1.01,0.12,0.74,0.23,0.49,-0.5,-1.15,-0.95,-0.39,-0.1,0.6,1.9,-1.0,-1.1,-0.4,1.0,0.6,0.4,1.6,1.0,1.2,-1.722,-1.283,0.454,-1.024,-0.773,-1.723,-1.865,-1.386,-1.993,0.231,-0.276,-0.958
1971,-0.09,-0.03,-0.05,-0.15,-0.02,-0.01,-0.07,-0.09,-0.03,-0.05,-0.07,0.01,,,,,,,,,,,,,,,,,,,,,,,,,,,,,,,,,,,,,,,,,,,,,,,,,,,,,,,,,,,,,,,,,,,,,,,,,,,,,,,,,,,,,,,,,,,,,,,,,,,,,,,,,,,,,,,,,,,,,,,,,-0.9,-0.8,-0.9,-1.4,-1.4,-0.8,-0.7,-1.1,-0.7,-1.0,-0.9,-0.8,0.23,-0.81,-1.76,-0.16,-2.43,-1.74,0.51,-0.28,1.09,-0.26,-1.35,0.15,1.7,1.5,0.3,2.0,0.4,0.2,0.4,2.3,0.9,0.5,1.7,1.4,0.4,0.097,0.259,0.862,0.566,0.1,0.211,0.691,0.397,0.221,0.087,0.145
1972,0.05,0.09,0.14,-0.16,-0.24,0.06,0.07,0.06,0.0,0.06,0.11,0.03,,,,,,,,,,,,,,,,,,,,,,,,,,,,,,,,,,,,,,,,,,,,,,,,,,,,,,,,,,,,,,,,,,,,,,,,,,,,,,,,,,,,,,,,,,,,,,,,,,,,,,,,,,,,,,,,,,,,,,,,,0.4,1.4,2.1,-0.4,-0.7,1.1,0.9,0.1,0.7,2.1,1.8,1.6,-1.95,-0.04,-0.86,-2.27,-2.46,-1.13,-0.15,-0.1,0.21,0.53,-1.49,0.13,-0.1,-0.5,-1.3,1.1,0.5,-1.4,-0.5,0.6,-1.6,-0.3,-0.9,-1.4,0.851,1.642,0.122,0.575,0.447,1.659,1.52,0.661,1.134,0.6,1.186,1.481
1973,0.28,0.13,0.04,0.38,0.34,0.15,0.25,0.34,0.24,0.02,0.06,0.11,,,,,,,,,,,,,,,,,,,,,,,,,,,,,,,,,,,,,,,,,,,,,,,,,,,,,,,,,,,,,,,,,,,,,,,,,,,,,,,,,,,,,,,,,,,,,,,,,,,,,,,,,,,,,,,,,,,,,,,,,-0.1,-1.3,-2.0,1.3,1.8,-1.1,-0.9,0.5,-0.5,-2.0,-1.7,-1.5,0.11,-0.95,0.23,-0.14,-0.88,-0.26,1.01,0.53,0.67,-1.66,-0.74,-0.27,0.1,1.3,1.8,-1.4,-0.3,0.6,1.1,0.7,0.4,2.6,0.8,1.2,-1.22,-0.038,1.97,-0.675,-0.294,-0.561,-0.855,-1.108,-1.119,1.717,1.149,0.501
1974,-0.06,0.04,-0.06,-0.24,-0.08,0.04,-0.06,-0.01,-0.02,-0.1,-0.06,-0.02,,,,,,,,,,,,,,,,,,,,,,,,,,,,,,,,,,,,,,,,,,,,,,,,,,,,,,,,,,,,,,,,,,,,,,,,,,,,,,,,,,,,,,,,,,,,,,,,,,,,,,,,,,,,,,1.0,0.1,,,0.0,1.1,,,1.0,1.1,0.9,-1.0,-0.4,-0.6,-1.6,-1.8,-0.5,-0.8,-1.2,-0.9,-0.8,-0.6,-0.4,-0.73,0.9,0.38,-1.5,-1.54,-0.09,-1.36,-1.1,-0.4,0.53,0.93,0.35,0.9,0.8,0.2,2.1,2.4,1.1,0.4,2.4,1.0,-0.1,0.9,1.1,1.728,0.89,0.361,2.129,2.145,1.229,1.502,1.962,1.702,0.479,0.636,0.825
1975,0.11,-0.02,-0.1,0.08,0.06,0.03,0.06,0.11,0.08,-0.17,-0.12,0.03,,,,,,,,,,,,,,,,,,,,,,,,,,,,,,,,,,,,,,,,,,,,,,,,,,,,,,,,,,,,,,,,,,,,,,,,,,,,,,,,,,,,,,,,,,,,,,,,,,,,,,,,,,,,,0.7,1.4,1.9,1.1,-0.2,1.2,1.0,1.1,1.4,1.3,1.4,1.3,-0.7,-1.2,-1.7,-0.6,-0.5,-1.1,-1.0,-0.7,-0.8,-1.6,-1.4,-1.4,-0.67,-1.1,-0.16,-0.51,-1.2,-1.53,-0.31,-0.81,0.6,-0.63,-0.65,-0.23,1.2,2.0,2.1,0.8,-0.5,1.9,1.3,1.6,0.6,1.2,1.7,2.1,0.949,1.734,1.908,0.749,0.6,1.503,1.461,0.855,1.337,1.946,1.983,1.933
1976,0.04,0.0,0.11,-0.08,-0.01,-0.03,-0.05,-0.13,-0.12,-0.03,-0.16,0.03,,,,,,,,,,,,,,,,,,,,,,,,,,,,,,,,,,,,,,,,,,,,,,,,,,,,,,,,,,,,,,,,,,,,,,,,,,,,,,,,,,,,,,,,,,,,,,,,,,,,,,,,,,,,,0.7,-0.6,-0.8,1.2,1.1,-0.5,-0.4,0.3,0.4,0.2,-0.5,-0.3,-0.5,0.4,0.9,-1.2,-1.6,0.2,-0.1,-0.7,-0.3,0.9,0.8,0.6,0.92,-0.62,0.21,-2.38,-0.25,-0.12,-1.32,-1.78,0.58,1.72,0.91,-0.04,0.3,-0.8,-0.3,1.7,1.4,-0.9,0.3,1.7,0.4,0.7,0.4,-1.1,1.813,1.881,0.066,1.727,1.725,2.206,2.354,1.697,2.058,0.303,0.809,1.352
1977,0.27,0.16,0.11,0.22,0.2,0.18,0.26,0.24,0.28,0.23,0.12,0.2,,,,,,,,,,,,,,,,,,,,,,,,,,,,,,,,,,,,,,,,,,,,,,,,,,,,,,,,,,,,,,,,,,,,,,,,,,,,,,,,,,,,,,,,,,,,,,,,,,,,,,,,,,,,,0.0,0.0,-1.9,0.6,-0.7,-0.2,0.4,-1.1,0.4,-0.7,-0.2,0.0,0.2,0.4,0.8,0.6,0.7,0.4,0.3,0.3,0.2,0.8,0.7,0.6,-0.32,2.2,-0.8,2.43,1.6,-1.04,0.57,-0.69,-0.56,-0.22,1.25,-0.72,-0.4,-0.8,-1.1,1.2,-0.4,-1.1,-0.9,-0.5,-0.5,-1.3,-1.0,-0.8,-0.657,-1.733,-1.636,-0.266,-0.164,-1.527,-1.185,-0.445,-0.907,-1.913,-2.106,-1.947
1978,0.14,0.0,0.12,0.15,0.15,0.06,0.05,0.22,0.1,0.2,0.06,0.09,,,,,,,,,,,,,,,,,,,,,,,,,,,,,,,,,,,,,,,,,,,,,,,,,,,,,,,,,,,,,,,,,,,,,,,,,,,,,,,,,,,,,,,,,,,,,,,,,,,,,,,,,,,,,,,,-0.9,-0.9,,,,,,,,-0.2,-0.4,0.0,0.4,0.7,-0.4,-0.3,0.1,-0.3,-0.1,-0.3,-0.4,-0.19,0.02,-1.02,1.4,0.13,-2.43,-0.92,-0.18,-0.73,-0.48,0.69,1.38,-0.3,0.4,-0.1,-2.7,-0.3,0.6,0.7,-0.2,1.4,0.0,-0.4,0.1,-0.984,-0.616,-0.188,-1.284,-1.571,-0.732,-0.786,-1.0,-0.905,0.022,-0.085,-0.349
1979,0.1,0.25,0.5,-0.06,0.14,0.23,0.23,0.2,0.17,0.31,0.31,0.27,0.3,0.5,0.7,0.3,0.5,-0.1,-0.1,0.0,0.4,0.6,0.3,0.4,,,,,,,,,,,,,,,,,,,,,,,,,,,,,,,,,,,,,,,,,,,,,,,,,,,,,,,,,,,,,,,,,,,,,,,,,,,,,,,,,,,,,,,,,,,,,,,,,0.3,0.2,-0.5,-0.6,-0.7,0.5,0.3,-0.3,0.0,-0.5,-0.7,-0.1,0.3,0.2,0.6,0.1,0.0,0.0,0.1,0.2,0.2,0.5,0.5,0.3,-0.15,0.67,-0.68,-2.73,-1.54,0.51,-1.64,0.08,1.27,0.51,1.85,1.02,-0.1,-0.2,-0.7,1.0,-0.4,1.3,0.6,0.1,0.5,-0.4,-0.1,0.1,-0.187,0.462,-0.758,-0.309,-0.343,0.44,0.333,-0.347,0.067,-0.285,0.007,0.302
1980,0.32,0.22,0.23,0.42,0.35,0.27,0.28,0.31,0.38,0.27,0.2,0.2,0.9,0.1,-0.1,0.3,0.4,0.5,0.6,0.5,0.7,-0.1,0.1,0.2,,,,,,,,,,,,,,,,,,,,,,,,,,,,,,,,,,,,,,,,,,,,,,,,,,,,,,,,,,,,,,,,,,,,,,,,,,,,,,,,,,,,,,,,,,,,,,,,,0.0,-0.9,0.3,0.4,0.6,-0.3,-0.7,-1.1,-0.2,-0.4,-0.3,0.0,0.4,0.0,0.0,0.5,0.6,0.3,0.5,0.3,0.5,0.1,0.0,-0.1,1.66,-2.03,-0.57,2.03,-1.01,-0.81,-0.81,-0.64,-0.16,1.28,2.87,-0.08,-0.6,0.4,-0.1,0.3,0.4,0.0,0.0,-0.4,0.0,-0.3,0.0,-0.5,-0.996,-1.135,-1.425,-1.201,-1.073,-1.018,-1.038,-1.039,-1.039,-1.393,-1.29,-1.284
1981,0.37,0.26,0.45,0.43,0.55,0.26,0.33,0.44,0.31,0.31,0.25,0.23,0.2,-0.2,-0.2,-0.2,-0.3,-0.5,-0.6,0.2,-0.4,-0.2,0.0,0.0,,,,,,,,,,,,,,,,,,,,,,,,,,,,,,,,,,,,,,,,,,,,,,,,,,,,,,,,,,,,,,,,,,,,,,,,,,,,,,,,,,,,,,,,,,,,,,,,,-0.9,0.9,-0.2,-0.7,0.4,0.1,0.4,-0.9,0.5,0.3,0.2,0.0,-0.4,-0.3,-0.1,-0.5,-0.3,-0.3,-0.3,-0.5,-0.3,-0.2,-0.1,-0.2,-1.23,-1.54,-0.42,0.21,2.46,-1.02,-0.1,1.27,1.83,1.19,-1.43,0.08,-0.1,0.7,0.5,-0.2,0.4,0.8,1.2,-1.3,0.8,0.2,-0.4,0.3,-0.558,-0.605,-0.708,-1.094,-1.35,-0.533,-0.464,-0.835,-0.496,-0.621,-0.617,-0.708
1982,0.21,0.15,0.4,0.21,0.11,0.18,0.15,0.11,0.18,0.12,0.18,0.23,0.1,1.9,2.5,-0.6,-0.4,1.9,1.4,-0.3,0.7,2.3,1.9,1.7,24.57,21.71,25.73,25.38,24.28,22.07,22.88,25.22,24.0,24.4,22.67,21.91,-1.16,0.85,2.89,-0.72,-0.24,0.24,-0.29,-1.38,-0.62,2.78,1.8,1.33,27.52,26.05,28.07,26.26,25.84,26.14,27.1,26.92,27.7,27.39,27.04,26.5,-0.05,0.83,2.8,-0.11,0.17,0.27,0.46,-0.25,0.49,2.19,1.96,1.49,27.83,27.76,28.85,26.54,26.65,27.57,28.35,27.09,28.37,28.5,28.5,28.01,0.02,0.86,2.21,-0.2,0.08,0.27,0.65,-0.14,0.49,1.68,1.73,1.24,28.61,28.7,28.81,27.99,28.01,28.76,29.46,28.18,29.19,28.85,29.11,28.91,0.1,0.01,0.36,-0.11,-0.21,-0.02,0.62,-0.05,0.4,0.18,0.43,0.24,0.0,-1.6,-0.9,0.1,0.9,-1.2,-0.2,-0.6,0.4,-2.0,-1.8,-1.4,0.5,1.1,2.2,0.1,-0.1,0.8,0.7,0.2,0.7,2.2,2.0,1.6,-2.08,0.31,0.45,-1.2,-1.75,0.49,2.17,-1.66,-0.53,-0.47,-0.86,0.83,0.1,-1.7,-2.2,0.3,1.2,-1.5,-1.0,0.6,-0.3,-2.6,-1.7,-1.7,-2.359,-0.811,1.683,-1.466,-1.067,-1.418,-1.924,-1.922,-2.364,1.44,0.981,0.196
1983,0.25,0.36,0.27,0.46,0.51,0.3,0.3,0.44,0.29,0.37,0.23,0.34,2.7,0.0,-0.4,2.7,2.6,0.9,1.6,2.7,2.6,-0.4,-0.4,-0.4,28.1,23.73,22.95,27.65,26.82,25.69,27.2,28.34,27.87,22.01,21.98,22.16,2.37,2.88,0.11,1.55,2.3,3.85,4.03,1.73,3.26,0.38,1.11,1.58,28.76,25.77,24.39,28.39,28.37,26.56,28.09,28.48,28.64,24.16,24.56,25.21,1.19,0.55,-0.88,2.01,2.69,0.68,1.45,1.32,1.43,-1.03,-0.52,0.2,28.49,26.46,25.49,28.54,28.7,26.97,28.16,28.45,28.56,25.53,25.75,26.38,0.68,-0.44,-1.16,1.81,2.13,-0.33,0.45,1.22,0.68,-1.29,-1.02,-0.38,28.49,28.2,27.48,28.51,28.63,28.46,28.78,28.59,28.97,27.67,27.67,28.06,-0.02,-0.49,-0.97,0.41,0.41,-0.32,-0.06,0.37,0.18,-1.01,-1.02,-0.62,0.3,-0.1,1.1,-0.7,-1.5,-1.0,-0.9,0.1,-0.8,0.2,0.3,-0.1,1.3,-0.1,-0.9,1.9,2.2,0.3,0.7,1.5,1.1,-1.0,-0.8,-0.5,0.98,0.5,-0.61,1.44,0.87,0.82,2.1,2.03,-0.08,1.75,0.26,-1.37,-0.9,0.1,0.0,-3.6,-3.5,-0.6,0.0,-2.4,0.6,-0.1,0.4,0.9,2.929,3.867,1.411,1.991,1.822,4.143,4.227,2.282,3.734,1.814,2.462,3.183
1984,0.13,0.19,0.06,0.22,0.31,0.16,0.17,0.28,0.31,0.1,0.2,0.2,-0.1,0.0,-0.3,-0.4,-0.4,-0.2,-0.7,-0.1,-0.8,-0.6,0.0,-0.1,25.28,20.28,22.62,25.23,24.35,21.15,22.21,25.72,23.44,21.42,20.45,20.2,-0.45,-0.57,-0.21,-0.87,-0.16,-0.69,-0.97,-0.88,-1.17,-0.21,-0.43,-0.38,27.28,24.64,23.89,26.41,24.8,25.04,25.36,26.88,26.38,24.15,24.18,24.72,-0.29,-0.58,-1.37,0.03,-0.87,-0.83,-1.29,-0.28,-0.84,-1.05,-0.9,-0.29,27.27,26.36,25.16,26.57,25.6,26.62,26.68,26.71,27.19,25.52,26.02,26.35,-0.54,-0.54,-1.48,-0.16,-0.96,-0.68,-1.03,-0.52,-0.69,-1.3,-0.75,-0.41,27.54,28.04,27.45,27.26,27.41,28.34,28.04,27.32,27.94,27.92,28.02,28.22,-0.97,-0.65,-1.0,-0.84,-0.81,-0.45,-0.81,-0.91,-0.85,-0.75,-0.67,-0.45,1.1,0.2,0.1,1.9,1.7,0.1,0.5,1.2,0.7,-0.2,0.2,0.3,-0.4,-0.2,-1.1,-0.4,-0.6,-0.3,-0.5,-0.3,-0.5,-0.9,-0.6,-0.2,1.41,-1.14,-1.9,0.73,0.6,-2.61,-0.36,1.08,0.37,0.39,-0.53,-0.02,0.3,0.4,-0.1,0.9,0.2,0.2,-0.3,-0.2,0.2,0.3,-0.3,0.1,0.369,-0.536,0.255,0.907,1.08,-0.516,-0.183,0.603,0.148,0.207,0.186,-0.277
1985,0.12,0.15,0.17,0.07,0.28,0.1,0.16,0.24,0.22,0.14,0.15,0.16,-0.7,-0.4,-0.4,-0.6,-0.3,0.0,-0.2,-0.5,-1.0,0.1,0.1,-0.3,24.3,19.6,22.34,24.79,23.59,20.46,21.83,25.66,22.72,20.83,19.76,19.23,-1.43,-1.26,-0.5,-1.3,-0.93,-1.37,-1.35,-0.95,-1.89,-0.79,-1.11,-1.35,26.64,24.24,24.39,25.24,24.28,24.73,25.45,26.21,25.99,24.29,24.11,24.04,-0.94,-0.98,-0.88,-1.14,-1.39,-1.14,-1.19,-0.96,-1.22,-0.91,-0.98,-0.97,26.71,26.27,26.05,25.81,25.26,26.5,26.63,26.35,26.81,26.23,26.03,25.99,-1.1,-0.63,-0.59,-0.92,-1.3,-0.8,-1.08,-0.89,-1.08,-0.59,-0.74,-0.77,27.42,28.09,28.1,27.53,27.39,28.05,27.88,27.23,27.71,28.3,28.11,28.08,-1.09,-0.6,-0.34,-0.57,-0.83,-0.74,-0.96,-0.99,-1.08,-0.37,-0.57,-0.6,0.8,0.4,0.1,1.2,0.2,0.3,0.5,-0.7,1.1,-0.1,0.2,0.0,-0.8,-0.5,-0.4,-0.9,-1.0,-0.5,-0.6,-0.8,-0.8,-0.3,-0.4,-0.4,-1.27,-0.53,1.08,-0.99,1.44,-0.19,1.28,-1.19,-0.82,-1.83,-1.5,-0.63,1.2,1.0,0.2,1.2,-0.3,-0.1,-0.4,0.8,0.4,-0.2,-0.4,0.0,-0.572,-1.337,-0.623,0.147,0.366,-1.452,-1.244,-0.506,-0.762,-0.95,-1.379,-1.499
1986,0.27,0.14,0.16,0.38,0.23,0.13,0.21,0.33,0.35,0.13,0.18,0.03,-0.3,1.2,1.1,-0.3,-0.4,0.8,0.6,-0.4,0.2,0.7,0.6,1.4,24.82,20.72,22.96,25.88,24.5,21.22,22.16,25.91,23.34,21.62,21.0,20.47,-0.91,-0.14,0.12,-0.22,-0.02,-0.61,-1.02,-0.69,-1.27,-0.01,0.12,-0.11,27.04,25.12,25.86,25.8,24.8,25.78,26.15,26.74,26.44,25.74,25.43,25.3,-0.53,-0.1,0.6,-0.58,-0.87,-0.09,-0.49,-0.42,-0.77,0.54,0.34,0.29,27.29,27.09,27.47,25.95,25.84,27.26,27.38,26.64,27.32,27.36,27.28,27.16,-0.52,0.19,0.82,-0.78,-0.72,-0.04,-0.33,-0.6,-0.56,0.54,0.51,0.4,27.83,28.68,28.64,27.73,27.7,28.5,28.6,27.94,28.35,28.97,28.91,28.83,-0.68,-0.01,0.19,-0.37,-0.52,-0.29,-0.24,-0.29,-0.44,0.3,0.23,0.15,0.4,0.2,-2.4,0.9,0.2,-0.2,-0.2,1.1,0.4,-1.5,-0.8,-1.0,-0.2,0.4,1.2,-0.5,-0.5,0.2,0.0,-0.3,-0.1,1.1,0.9,0.7,-0.15,-1.49,1.06,0.41,0.6,-0.35,0.39,0.51,-0.03,-0.71,1.18,-0.28,0.3,-0.4,-1.4,-1.0,1.0,0.3,1.0,0.5,-0.2,-1.2,0.6,-0.5,-0.968,-1.86,-1.322,-0.458,-0.564,-1.727,-1.529,-0.515,-1.395,-1.616,-1.689,-1.769
1987,0.21,0.34,0.47,0.36,0.3,0.46,0.39,0.15,0.33,0.26,0.34,0.39,1.6,1.5,0.9,1.1,1.0,1.7,1.8,1.5,1.9,0.9,1.1,1.2,26.6,21.58,23.28,26.75,25.06,22.53,23.83,27.54,25.45,22.55,22.17,21.29,0.87,0.72,0.44,0.66,0.54,0.7,0.66,0.94,0.84,0.93,1.29,0.71,28.14,26.28,26.17,27.16,26.48,26.87,27.15,27.96,27.83,25.93,25.96,26.38,0.57,1.06,0.91,0.78,0.81,0.99,0.51,0.8,0.62,0.73,0.88,1.37,28.25,28.1,27.41,27.55,27.51,28.34,28.42,28.12,28.2,27.67,27.74,28.08,0.45,1.2,0.77,0.82,0.94,1.04,0.72,0.89,0.32,0.85,0.97,1.32,28.77,29.04,28.96,28.41,28.48,29.08,29.18,28.7,28.85,29.31,29.31,29.01,0.26,0.35,0.51,0.31,0.26,0.29,0.34,0.47,0.06,0.63,0.63,0.33,-1.3,-1.6,-1.3,-2.3,-2.3,-2.2,-1.2,-1.3,-1.9,-0.7,-1.2,-0.6,1.0,1.7,1.1,1.2,1.2,1.5,1.2,1.1,1.0,1.3,1.5,1.7,1.54,0.74,0.5,0.57,0.63,-0.43,0.56,0.85,-1.02,1.19,0.75,-2.6,-1.4,-0.9,-0.5,-1.2,-0.7,-1.4,-1.1,-1.3,-1.3,0.0,-0.4,-1.0,-0.192,-1.008,-1.566,-0.584,-0.98,-0.835,-0.497,-0.221,-0.289,-1.465,-1.283,-1.191
1988,0.45,0.5,0.32,0.46,0.53,0.38,0.4,0.46,0.48,0.16,0.4,0.41,-0.1,-1.8,-1.6,0.4,0.6,-1.8,-1.3,0.3,-0.6,-1.6,-1.5,-1.8,24.66,19.19,21.67,25.68,24.33,20.23,21.58,25.75,23.48,20.41,19.35,19.06,-1.07,-1.66,-1.17,-0.42,-0.19,-1.6,-1.59,-0.85,-1.13,-1.22,-1.53,-1.52,26.81,23.62,23.44,26.35,26.2,23.79,24.48,27.07,25.54,23.38,23.51,24.07,-0.76,-1.6,-1.82,-0.03,0.53,-2.08,-2.16,-0.1,-1.67,-1.82,-1.58,-0.94,27.26,25.47,24.63,26.95,27.23,25.57,26.01,27.29,26.56,24.6,24.76,25.83,-0.55,-1.43,-2.01,0.22,0.67,-1.73,-1.7,0.06,-1.32,-2.22,-2.01,-0.93,27.91,27.7,26.67,28.4,28.72,27.79,27.89,28.15,28.07,26.81,26.93,27.91,-0.6,-0.99,-1.78,0.31,0.5,-1.0,-0.95,-0.07,-0.72,-1.87,-1.75,-0.77,0.2,1.1,1.6,-0.7,-0.9,0.9,0.9,0.4,0.6,1.2,0.8,1.1,-0.3,-1.1,-1.9,0.5,0.8,-1.3,-1.3,0.1,-0.9,-1.8,-1.5,-1.2,1.12,-0.62,0.33,1.37,0.03,1.6,1.31,0.38,0.61,0.11,0.89,-0.97,0.1,1.5,1.2,-0.4,-0.1,1.0,0.1,0.6,0.9,1.7,1.4,1.8,-1.229,-0.447,2.362,-1.557,-1.718,-0.771,-0.911,-1.35,-1.016,1.614,0.875,0.274
1989,0.4,0.32,0.4,0.32,0.12,0.32,0.27,0.36,0.24,0.18,0.34,0.4,-1.1,-0.7,-0.1,-1.1,-1.1,-1.1,-1.0,-1.3,-1.0,-0.3,-0.6,-0.6,25.6,20.35,22.26,25.86,24.04,21.14,22.03,26.6,23.36,21.19,20.2,19.7,-0.13,-0.51,-0.58,-0.23,-0.48,-0.7,-1.15,0.0,-1.25,-0.43,-0.68,-0.88,26.51,24.57,24.76,25.42,24.23,25.35,26.25,25.93,26.31,24.5,24.52,24.61,-1.06,-0.65,-0.5,-0.96,-1.45,-0.52,-0.39,-1.23,-0.9,-0.7,-0.57,-0.4,26.49,26.18,26.44,25.26,24.56,26.73,27.03,25.8,26.99,26.21,26.22,26.25,-1.32,-0.72,-0.2,-1.48,-2.0,-0.57,-0.67,-1.44,-0.89,-0.62,-0.55,-0.51,27.41,27.79,28.3,26.63,26.36,27.96,27.79,26.97,28.1,27.91,28.14,28.13,-1.1,-0.91,-0.15,-1.46,-1.86,-0.83,-1.05,-1.26,-0.69,-0.76,-0.54,-0.54,0.6,0.5,-0.2,1.7,1.7,0.4,0.6,1.3,0.4,-0.6,0.2,0.5,-0.8,-0.3,-0.1,-1.4,-1.7,-0.3,-0.4,-1.1,-0.6,-0.2,-0.2,-0.2,-0.77,-0.27,0.57,-1.71,-1.57,-0.59,-0.56,-1.56,-0.04,-0.7,-1.08,0.41,1.6,-0.3,-0.5,1.2,1.5,0.9,0.7,1.1,1.2,-0.2,0.8,0.5,1.436,-0.42,-1.019,2.577,2.629,-0.4,0.103,2.039,0.658,-0.839,-0.559,-0.404
1990,0.61,0.37,0.41,0.38,0.4,0.35,0.41,0.77,0.5,0.41,0.41,0.3,0.1,0.1,0.3,0.4,0.1,0.3,0.2,0.5,0.1,0.1,-0.1,0.3,25.03,20.39,22.12,25.66,23.92,20.93,22.77,26.1,24.0,20.73,20.08,19.98,-0.7,-0.47,-0.72,-0.43,-0.6,-0.9,-0.4,-0.5,-0.61,-0.9,-0.79,-0.6,27.36,25.16,25.18,26.27,25.27,25.72,26.46,26.67,27.24,24.84,24.91,25.0,-0.21,-0.06,-0.08,-0.11,-0.4,-0.15,-0.18,-0.5,0.03,-0.36,-0.17,-0.01,27.74,26.99,26.86,26.74,26.45,27.27,27.44,27.05,27.92,26.73,26.95,26.73,-0.06,0.09,0.22,0.01,-0.11,-0.03,-0.26,-0.18,0.04,-0.09,0.18,-0.03,28.67,28.83,28.84,28.27,28.2,28.68,28.64,28.36,28.64,28.82,28.96,28.76,0.16,0.14,0.39,0.18,-0.02,-0.11,-0.2,0.13,-0.15,0.15,0.28,0.08,-0.7,-0.7,-0.5,-1.0,-1.0,-0.2,0.1,-1.4,0.0,-0.5,-0.1,-0.7,0.3,0.4,0.4,0.2,0.1,0.3,0.3,0.3,0.3,0.4,0.4,0.4,-0.62,1.76,-1.62,-2.78,-1.09,-0.26,-1.39,0.04,0.27,-1.66,-0.91,-0.46,0.2,-0.2,-0.2,-1.8,-0.1,0.5,0.3,-0.4,1.2,-0.5,0.3,-0.7,-1.573,-2.165,-2.357,-1.647,-1.314,-1.88,-1.81,-1.634,-1.714,-2.437,-2.38,-2.399
1991,0.58,0.37,0.32,0.51,0.42,0.41,0.55,0.37,0.43,0.3,0.33,0.39,0.5,0.4,1.2,0.0,0.1,0.9,1.1,0.2,0.7,1.1,1.2,0.7,25.21,20.98,23.13,25.7,23.73,22.06,23.07,26.32,24.65,21.92,21.09,20.72,-0.52,0.12,0.29,-0.4,-0.78,0.23,-0.11,-0.28,0.04,0.29,0.22,0.14,27.39,25.55,26.3,26.28,25.63,26.43,27.23,26.96,27.44,25.93,25.36,25.12,-0.19,0.33,1.03,-0.1,-0.05,0.56,0.58,-0.2,0.22,0.73,0.27,0.11,27.89,27.5,28.14,26.87,26.89,27.77,28.1,27.16,28.13,27.71,27.41,27.07,0.08,0.6,1.5,0.14,0.33,0.47,0.39,-0.08,0.25,0.89,0.64,0.31,28.73,29.07,29.21,28.4,28.62,28.95,29.05,28.38,29.18,29.12,29.31,28.85,0.22,0.38,0.77,0.3,0.4,0.17,0.21,0.15,0.39,0.44,0.63,0.17,0.0,-1.0,-1.8,-0.6,-0.4,-0.5,-0.2,-0.4,-0.1,-2.5,-0.6,-0.7,0.3,0.6,1.5,0.3,0.4,0.7,0.6,0.2,0.5,1.2,0.8,0.6,0.38,-0.28,0.17,1.13,0.2,0.28,-0.92,-1.21,-0.63,0.22,-2.35,1.15,-0.6,-0.4,-1.8,0.3,0.6,0.0,-0.1,-0.7,-1.0,-0.7,-1.0,-1.5,-1.793,-1.706,-1.625,-2.09,-2.109,-1.672,-1.843,-2.002,-1.766,-1.664,-1.657,-1.655
1992,0.23,0.11,0.22,0.41,0.44,0.13,0.27,0.45,0.37,0.05,0.02,0.06,2.0,0.1,0.8,1.5,1.6,0.8,1.7,1.7,1.7,0.8,1.0,0.6,27.17,20.67,22.41,26.25,24.59,21.44,23.66,27.38,26.09,21.37,20.99,20.37,1.44,-0.18,-0.43,0.15,0.07,-0.39,0.48,0.78,1.47,-0.26,0.12,-0.21,28.46,24.98,25.1,27.34,26.86,25.65,27.12,27.87,28.28,24.97,24.66,24.82,0.89,-0.24,-0.17,0.96,1.18,-0.22,0.47,0.71,1.07,-0.23,-0.42,-0.19,28.81,26.82,26.78,28.28,28.23,27.45,28.12,28.39,28.79,26.64,26.27,26.6,1.0,-0.08,0.14,1.55,1.67,0.15,0.42,1.16,0.91,-0.18,-0.5,-0.16,29.03,28.65,28.48,28.76,28.8,29.12,29.01,28.83,29.12,28.37,28.45,28.65,0.52,-0.04,0.03,0.67,0.58,0.33,0.17,0.6,0.33,-0.3,-0.24,-0.03,-1.6,-0.2,-1.5,-1.3,-2.2,-0.4,-1.0,-2.0,-1.8,-1.1,-0.5,0.0,1.3,0.1,-0.1,1.6,1.7,0.4,0.7,1.5,1.1,-0.3,-0.3,-0.1,-0.29,-0.37,-1.53,0.09,0.99,0.38,1.36,0.46,1.2,0.8,0.4,-1.13,-1.0,0.4,-0.6,-0.9,-2.9,-0.6,-0.6,-2.0,0.3,-0.7,-1.4,0.1,-0.278,-1.276,-0.878,-0.945,-1.363,-0.992,-0.564,-0.48,-0.363,-1.146,-1.219,-1.317
1993,0.36,0.11,0.18,0.39,0.34,0.31,0.32,0.38,0.31,0.1,0.22,0.21,1.1,0.6,0.3,1.0,0.9,0.7,1.1,0.9,1.4,0.7,0.9,0.6,26.23,20.98,22.46,26.12,24.25,22.06,23.53,26.84,25.16,21.64,21.19,20.88,0.5,0.13,-0.37,0.03,-0.27,0.23,0.36,0.23,0.54,0.01,0.32,0.3,28.02,25.25,25.25,26.69,25.66,26.04,26.82,27.38,28.05,25.21,25.28,25.16,0.44,0.03,-0.02,0.31,-0.01,0.17,0.18,0.22,0.84,0.01,0.2,0.15,28.13,26.86,26.74,27.07,26.73,27.51,27.86,27.46,28.53,26.9,26.96,27.0,0.32,-0.04,0.1,0.34,0.16,0.22,0.15,0.23,0.65,0.08,0.19,0.24,28.51,28.67,28.74,28.1,28.32,28.8,28.76,28.29,28.79,28.76,28.66,28.83,0.0,-0.02,0.29,0.0,0.09,0.02,-0.08,0.07,0.0,0.08,-0.02,0.16,-2.0,-0.6,-0.7,-1.6,-0.7,-1.3,-1.4,-1.0,-1.5,-0.1,-1.5,-0.9,0.7,0.3,0.1,0.3,0.1,0.3,0.6,0.5,0.7,0.0,0.1,0.2,1.26,-0.17,0.42,0.44,-1.48,-0.28,0.66,0.94,2.43,-0.35,-0.17,-0.97,-1.2,-0.9,0.2,-0.7,-0.9,-0.8,-0.8,-0.5,-0.3,-0.1,-1.1,-0.7,-0.267,-1.028,-1.005,-0.668,-0.819,-0.854,-0.629,-0.417,-0.481,-1.162,-1.17,-1.186
1994,0.41,0.26,0.4,0.06,0.21,0.31,0.43,0.3,0.32,0.42,0.45,0.27,0.2,0.9,0.8,-0.1,0.1,0.9,0.4,0.0,0.2,0.9,1.5,1.0,24.51,19.89,23.46,25.76,24.31,21.22,22.42,25.54,23.52,22.26,21.56,20.06,-1.22,-0.96,0.62,-0.34,-0.2,-0.61,-0.75,-1.06,-1.1,0.63,0.69,-0.52,27.01,24.87,26.07,26.19,25.75,25.26,26.42,26.86,26.95,25.93,25.58,24.9,-0.56,-0.35,0.8,-0.19,0.08,-0.61,-0.23,-0.3,-0.26,0.73,0.49,-0.11,27.88,27.3,27.79,26.65,26.58,27.29,27.84,27.38,28.0,27.73,27.37,27.04,0.08,0.4,1.15,-0.08,0.02,-0.01,0.13,0.15,0.12,0.91,0.6,0.28,28.4,29.31,29.16,27.89,28.31,29.25,29.03,28.28,28.98,29.25,29.19,29.05,-0.11,0.61,0.71,-0.2,0.09,0.47,0.19,0.06,0.19,0.58,0.5,0.38,-0.3,-0.6,-2.8,0.6,-0.1,-0.3,0.1,0.3,-0.1,-1.4,-0.6,-1.0,0.3,0.4,1.1,0.1,0.1,0.4,0.4,0.2,0.4,1.0,0.7,0.6,-0.7,-1.38,0.39,-1.27,-0.8,-0.06,-1.36,0.23,0.48,-1.61,-0.09,-2.02,-1.3,-1.2,-1.2,0.3,-0.1,-1.3,-0.4,-0.7,-0.7,-0.6,-1.1,-1.6,-1.847,-2.609,-1.493,-1.399,-1.203,-2.8,-2.75,-1.611,-2.339,-1.657,-2.194,-2.5
1995,0.51,0.5,0.32,0.77,0.55,0.44,0.49,0.49,0.32,0.48,0.44,0.44,0.3,-0.6,-0.8,0.5,0.8,-0.3,-0.1,0.2,0.4,-0.6,-0.6,-0.8,24.65,20.14,21.97,26.17,25.04,21.34,22.44,26.3,23.37,21.53,20.05,20.23,-1.08,-0.71,-0.86,0.07,0.52,-0.5,-0.73,-0.3,-1.24,-0.1,-0.82,-0.35,27.0,24.44,24.31,26.75,26.17,25.51,26.03,26.97,26.4,24.18,24.18,24.16,-0.57,-0.78,-0.96,0.37,0.5,-0.36,-0.61,-0.2,-0.82,-1.01,-0.9,-0.85,27.87,26.33,25.73,27.37,27.32,27.09,27.35,27.53,27.67,25.81,25.82,26.1,0.07,-0.57,-0.91,0.64,0.75,-0.21,-0.36,0.3,-0.21,-1.01,-0.94,-0.66,28.88,28.48,27.96,28.8,28.76,28.71,28.9,28.81,29.05,28.05,28.11,28.36,0.36,-0.21,-0.48,0.71,0.54,-0.08,0.06,0.59,0.26,-0.63,-0.57,-0.32,0.2,0.7,1.0,-0.6,-1.7,0.4,0.4,0.0,0.2,0.8,0.9,0.4,0.3,-0.5,-1.0,0.7,1.0,-0.2,0.0,0.5,0.1,-1.0,-1.0,-0.8,0.04,-0.33,0.62,0.68,0.2,-0.74,0.9,0.03,0.09,-0.73,0.11,1.22,-0.7,0.3,-0.5,-0.1,-0.4,0.4,0.1,0.8,-0.4,0.0,0.0,0.3,-2.296,-1.006,-0.028,-1.911,-1.726,-1.533,-2.004,-2.19,-2.263,-0.188,-0.342,-0.569
1996,0.37,0.43,0.38,0.49,0.28,0.35,0.37,0.36,0.34,0.43,0.17,0.27,-0.8,-0.5,-0.5,-0.7,-0.8,-0.6,-0.7,-0.6,-0.9,-0.2,-0.3,-0.2,24.09,19.75,21.67,25.6,23.83,20.49,21.86,26.15,23.28,20.34,20.14,19.5,-1.64,-1.11,-1.16,-0.49,-0.69,-1.34,-1.31,-0.45,-1.34,-1.29,-0.73,-1.08,26.63,24.68,24.2,25.72,24.96,25.22,25.87,26.66,26.36,24.56,24.4,24.46,-0.94,-0.54,-1.06,-0.66,-0.71,-0.65,-0.78,-0.5,-0.85,-0.64,-0.68,-0.55,27.32,26.59,26.04,25.96,25.74,26.93,27.23,26.58,27.37,26.39,26.22,26.41,-0.49,-0.31,-0.6,-0.77,-0.83,-0.37,-0.48,-0.66,-0.51,-0.43,-0.55,-0.35,28.01,28.44,28.31,27.48,27.75,28.37,28.45,27.62,28.41,28.24,28.34,28.36,-0.5,-0.26,-0.14,-0.62,-0.48,-0.42,-0.39,-0.61,-0.38,-0.43,-0.35,-0.32,0.4,0.5,0.7,1.6,1.7,0.5,0.5,1.1,0.4,0.5,0.5,0.6,-0.4,-0.3,-0.5,-0.8,-0.9,-0.3,-0.3,-0.6,-0.3,-0.5,-0.4,-0.4,0.51,-0.93,-1.53,-0.7,-0.68,0.18,-1.18,-0.75,0.37,-0.44,-0.67,-0.27,0.8,0.7,0.9,0.3,1.0,0.7,1.2,1.1,0.3,-0.1,0.6,0.6,-0.911,-1.961,-1.505,-0.373,0.036,-2.02,-1.984,-0.6,-1.525,-1.662,-1.73,-1.89
1997,0.41,0.47,0.59,0.39,0.29,0.41,0.56,0.51,0.42,0.65,0.68,0.59,0.4,2.3,2.0,-0.9,-0.8,2.1,2.4,-0.4,1.1,2.0,1.9,2.2,26.53,24.57,26.57,25.64,23.58,25.42,25.97,26.83,26.44,25.36,24.44,24.21,0.8,3.71,3.73,-0.45,-0.93,3.59,2.79,0.23,1.83,3.73,3.57,3.63,27.26,27.54,28.33,25.66,24.69,27.65,27.85,26.73,27.67,28.23,27.78,27.53,-0.31,2.32,3.07,-0.72,-0.98,1.77,1.21,-0.44,0.46,3.04,2.69,2.52,27.7,28.58,28.74,26.34,25.95,28.57,28.52,26.88,28.28,28.93,28.73,28.6,-0.11,1.68,2.1,-0.39,-0.61,1.27,0.81,-0.36,0.4,2.11,1.96,1.84,29.0,29.03,28.89,28.22,28.12,29.19,29.04,28.35,29.21,29.29,28.99,29.23,0.48,0.33,0.44,0.12,-0.1,0.4,0.2,0.13,0.42,0.61,0.3,0.56,-1.2,-1.7,-1.5,0.5,0.5,-1.5,-0.9,-1.0,-1.7,-0.6,-2.6,-1.4,0.3,1.9,2.4,-0.4,-0.5,1.6,1.2,-0.1,0.8,2.4,2.3,2.1,0.29,-0.55,0.85,0.45,0.16,0.1,-0.25,-1.56,0.77,0.86,-0.12,0.22,-0.6,-1.4,-1.0,1.7,0.5,-0.8,-1.4,-0.4,-1.3,-1.2,-1.5,-1.4,0.297,2.833,2.858,-1.149,-1.345,2.51,1.783,-0.538,1.055,3.037,3.09,2.944
1998,0.7,0.68,0.58,0.83,0.58,0.69,0.76,0.67,0.69,0.44,0.43,0.47,2.3,-1.8,-1.2,2.4,2.2,-1.5,-0.2,2.3,1.7,-1.3,-1.2,-1.4,28.07,21.98,23.08,28.01,27.4,23.47,25.09,28.51,27.46,21.45,21.66,21.11,2.34,1.12,0.24,1.91,2.88,1.64,1.92,1.91,2.84,-0.17,0.79,0.53,28.77,24.78,24.12,28.57,28.42,25.49,26.37,28.81,28.27,24.47,24.18,24.38,1.2,-0.43,-1.15,2.19,2.75,-0.38,-0.27,1.64,1.06,-0.73,-0.91,-0.63,28.3,25.7,24.91,28.47,28.59,26.15,26.96,28.42,28.33,25.51,25.43,25.73,0.5,-1.2,-1.73,1.74,2.03,-1.15,-0.75,1.18,0.45,-1.31,-1.34,-1.03,28.39,27.79,26.96,28.62,28.67,28.02,28.36,28.49,28.56,27.24,27.27,27.91,-0.12,-0.9,-1.48,0.52,0.44,-0.77,-0.48,0.27,-0.23,-1.43,-1.41,-0.77,1.0,0.6,1.3,-0.3,-0.7,0.5,-0.1,0.1,-0.3,1.0,0.8,0.9,1.0,-1.1,-1.6,1.9,2.2,-0.8,-0.1,1.4,0.5,-1.5,-1.4,-1.3,0.85,-0.6,-0.39,0.89,0.3,1.67,0.09,0.69,-1.87,0.7,0.77,0.42,-1.4,1.2,1.4,-2.0,-2.7,1.2,1.0,-2.4,0.3,1.0,1.1,1.0,2.983,2.45,2.475,2.87,2.716,2.762,3.21,3.045,3.164,2.225,2.262,2.368
1999,0.36,0.33,0.47,0.63,0.49,0.41,0.37,0.39,0.33,0.37,0.37,0.46,-1.2,-1.1,-1.4,-1.1,-1.2,-1.2,-1.3,-1.0,-1.4,-1.4,-1.3,-1.2,24.21,20.03,22.17,25.67,23.82,21.04,22.35,26.61,23.79,20.66,20.13,19.64,-1.52,-0.83,-0.67,-0.42,-0.69,-0.79,-0.83,0.01,-0.82,-0.96,-0.74,-0.94,26.74,24.26,23.68,25.64,24.52,25.01,25.84,26.82,26.57,23.63,23.75,23.89,-0.83,-0.96,-1.59,-0.74,-1.15,-0.87,-0.8,-0.35,-0.64,-1.57,-1.34,-1.12,26.81,25.68,24.99,25.63,24.98,26.27,26.62,26.34,26.96,25.19,25.58,25.73,-0.99,-1.22,-1.65,-1.1,-1.58,-1.03,-1.08,-0.89,-0.92,-1.63,-1.19,-1.03,27.22,27.74,27.21,26.62,26.55,27.7,27.96,26.89,27.8,27.54,27.84,27.77,-1.29,-0.95,-1.23,-1.48,-1.67,-1.09,-0.89,-1.34,-0.99,-1.13,-0.85,-0.91,1.0,0.7,1.8,1.3,1.8,0.2,0.5,1.5,0.7,0.7,0.9,1.0,-1.0,-1.1,-1.7,-1.3,-1.6,-1.1,-1.0,-1.1,-1.0,-1.5,-1.3,-1.2,0.05,1.95,-0.09,-0.46,-0.44,-0.92,0.43,0.38,-0.05,0.45,0.62,0.33,1.4,0.4,1.4,1.0,1.8,0.5,0.3,1.3,0.2,1.0,1.0,-0.1,1.138,-0.369,1.065,2.095,2.451,-0.311,-0.101,1.7,0.449,0.477,0.152,-0.2
2000,0.61,0.45,0.3,0.57,0.34,0.41,0.36,0.58,0.38,0.33,0.33,0.43,-1.0,-0.2,-0.7,-1.2,-1.2,-0.6,-1.1,-1.4,-1.2,-0.8,-0.5,-0.3,25.94,19.85,22.43,25.71,23.93,20.78,22.69,25.88,23.97,20.65,20.38,20.01,0.21,-1.01,-0.41,-0.39,-0.59,-1.05,-0.49,-0.72,-0.64,-0.97,-0.5,-0.57,27.38,24.64,24.55,25.38,24.0,25.07,25.91,26.56,26.66,24.29,24.51,24.55,-0.19,-0.58,-0.72,-1.0,-1.67,-0.8,-0.73,-0.61,-0.56,-0.91,-0.57,-0.46,26.91,26.39,25.59,25.21,24.8,26.57,27.01,26.11,26.91,25.92,26.06,26.24,-0.9,-0.51,-1.05,-1.52,-1.77,-0.73,-0.7,-1.13,-0.97,-0.9,-0.71,-0.52,27.29,28.14,27.29,26.69,27.02,28.21,28.3,26.73,27.65,28.0,28.02,28.34,-1.22,-0.55,-1.16,-1.41,-1.2,-0.57,-0.55,-1.49,-1.14,-0.67,-0.66,-0.33,1.1,-0.1,1.0,2.2,1.7,0.8,0.8,1.8,0.4,0.7,0.4,0.5,-0.8,-0.5,-0.7,-1.4,-1.7,-0.6,-0.6,-1.1,-0.7,-0.8,-0.6,-0.6,-0.58,-0.51,0.92,1.2,-1.7,-2.55,-1.19,0.95,-0.16,0.7,0.44,-1.21,1.2,0.7,0.8,1.7,0.7,-0.2,-0.2,1.3,0.4,1.8,1.1,0.9,1.494,-0.707,0.362,1.827,1.452,-0.465,0.17,1.857,0.783,-0.097,-0.377,-0.798
2001,0.55,0.48,0.63,0.46,0.43,0.62,0.54,0.56,0.57,0.71,0.47,0.58,-0.7,0.2,-0.1,-0.8,-0.8,0.0,-0.6,-0.7,-0.8,-0.4,-0.3,-0.1,26.26,20.31,22.19,25.71,24.15,21.25,22.49,26.94,24.26,20.77,19.8,19.81,0.53,-0.55,-0.64,-0.38,-0.37,-0.58,-0.69,0.34,-0.35,-0.85,-1.07,-0.77,27.35,24.86,24.68,26.17,25.25,25.5,26.42,27.27,26.99,24.35,24.62,24.51,-0.22,-0.35,-0.59,-0.21,-0.43,-0.37,-0.23,0.1,-0.22,-0.84,-0.47,-0.5,27.24,26.81,26.11,26.18,25.81,27.19,27.55,26.86,27.42,26.35,26.52,26.58,-0.56,-0.09,-0.53,-0.56,-0.76,-0.11,-0.16,-0.37,-0.46,-0.48,-0.25,-0.19,27.91,28.77,28.36,27.1,27.31,28.94,28.58,27.5,28.38,28.79,28.87,29.06,-0.6,0.07,-0.09,-0.99,-0.91,0.15,-0.27,-0.73,-0.41,0.12,0.19,0.39,0.0,-0.4,-1.8,0.6,1.5,0.0,0.0,0.8,-0.2,-0.4,-0.1,0.3,-0.3,-0.1,-0.3,-0.5,-0.7,-0.1,-0.1,-0.4,-0.3,-0.4,-0.3,-0.2,-0.7,-0.14,0.26,-0.51,1.29,-0.36,-0.89,0.39,-0.01,1.03,-0.08,0.04,0.2,-0.4,-0.8,1.7,1.0,-0.2,0.3,0.9,-0.5,0.7,0.0,0.2,0.239,-2.846,-2.37,1.25,0.785,-2.452,-1.504,0.853,-0.568,-2.674,-2.637,-2.858
2002,0.56,0.53,0.5,0.7,0.68,0.59,0.53,0.85,0.66,0.61,0.56,0.66,-0.4,0.8,0.8,-0.4,-0.1,0.4,0.4,-0.3,-0.1,0.7,0.7,0.7,26.39,20.71,23.73,26.02,23.94,21.86,23.3,27.29,25.35,22.81,21.64,20.8,0.66,-0.15,0.89,-0.07,-0.58,0.02,0.12,0.69,0.74,1.19,0.77,0.22,27.45,25.53,26.42,26.03,25.02,26.17,27.13,27.22,27.38,26.29,25.75,25.68,-0.12,0.31,1.15,-0.34,-0.65,0.3,0.48,0.06,0.16,1.09,0.66,0.67,27.84,27.56,27.94,26.76,26.36,27.88,28.31,27.17,28.07,28.03,27.79,27.61,0.03,0.66,1.3,0.03,-0.2,0.58,0.6,-0.06,0.19,1.2,1.02,0.85,28.88,29.23,29.28,28.42,28.6,29.24,29.34,28.29,29.29,29.5,29.25,29.24,0.37,0.54,0.83,0.32,0.38,0.46,0.5,0.06,0.5,0.83,0.57,0.56,0.3,-1.6,-1.6,-1.2,-0.2,0.2,-0.7,-1.0,0.1,-1.8,-1.5,-1.9,0.2,0.9,1.1,0.0,-0.2,0.8,0.7,0.1,0.4,1.3,1.2,1.0,-2.4,0.61,1.28,-0.11,-0.7,0.4,0.06,-1.56,-0.56,1.46,-0.55,0.6,-0.1,-1.0,-1.1,1.1,0.4,-0.5,-0.2,-0.2,-0.8,-0.5,-0.4,-0.6,-1.326,-3.001,-2.311,-1.343,-1.78,-2.871,-2.335,-1.287,-1.663,-2.413,-2.546,-2.878
2003,0.6,0.59,0.75,0.57,0.71,0.6,0.52,0.61,0.64,0.55,0.77,0.65,0.0,0.0,0.2,0.6,0.7,-0.1,-0.2,0.6,-0.5,0.4,0.3,0.1,24.96,21.04,23.31,26.14,24.47,21.39,22.23,26.66,22.87,22.07,21.14,20.31,-0.77,0.18,0.47,0.04,-0.05,-0.44,-0.95,0.06,-1.74,0.44,0.27,-0.27,27.21,25.38,25.94,26.78,26.34,25.85,26.06,27.31,26.3,25.52,25.5,25.11,-0.36,0.16,0.68,0.4,0.67,-0.02,-0.59,0.15,-0.91,0.32,0.42,0.1,27.67,26.94,26.98,27.39,27.45,27.34,27.37,27.73,27.28,27.03,27.19,26.94,-0.14,0.04,0.34,0.65,0.88,0.04,-0.34,0.5,-0.6,0.21,0.42,0.18,28.67,28.83,28.75,28.71,28.86,28.93,28.86,28.83,28.59,29.08,29.12,28.81,0.16,0.14,0.3,0.61,0.64,0.14,0.02,0.61,-0.2,0.41,0.44,0.14,0.3,0.5,-0.1,-1.1,-2.3,-0.2,0.8,-0.8,0.1,0.5,0.0,0.0,0.0,0.2,0.4,0.6,0.9,0.1,-0.2,0.4,-0.3,0.4,0.3,0.3,-0.1,-0.31,0.56,0.68,1.01,0.73,-0.53,-0.36,-1.85,-1.65,1.23,0.59,-0.1,0.1,1.1,-0.7,-0.2,0.3,-0.6,-0.3,-0.3,-0.3,0.0,-0.1,-2.995,-2.412,-1.522,-2.644,-2.523,-2.723,-2.895,-2.91,-3.04,-1.596,-1.738,-2.082
2004,0.65,0.44,0.49,0.67,0.58,0.32,0.47,0.66,0.42,0.72,0.6,0.52,-0.3,0.7,0.5,-0.1,0.1,0.4,0.0,-0.5,-0.4,0.4,0.3,0.5,25.71,20.23,22.99,26.22,24.79,21.08,22.24,25.82,23.65,22.51,21.21,20.25,-0.02,-0.63,0.15,0.12,0.28,-0.75,-0.94,-0.78,-0.97,0.89,0.34,-0.33,27.42,25.31,25.83,26.64,26.14,25.91,26.4,27.11,26.77,25.75,25.5,25.27,-0.15,0.09,0.56,0.26,0.47,0.04,-0.24,-0.05,-0.44,0.55,0.41,0.26,27.76,27.51,27.28,26.9,26.78,27.76,27.7,27.05,27.95,27.41,27.41,27.43,-0.04,0.61,0.63,0.16,0.22,0.47,0.0,-0.18,0.07,0.59,0.64,0.67,28.58,29.1,29.13,28.37,28.54,29.14,28.91,28.3,28.95,29.31,29.35,29.32,0.06,0.4,0.68,0.27,0.31,0.35,0.07,0.08,0.15,0.64,0.67,0.65,-0.8,-0.4,-0.1,0.4,-0.9,0.1,-1.1,-0.5,0.3,-0.8,-0.3,-0.3,0.2,0.6,0.7,0.3,0.4,0.5,0.3,0.2,0.2,0.7,0.7,0.7,0.25,1.52,-0.04,1.12,-0.12,-0.33,-0.28,0.0,-1.46,0.29,-1.37,-0.11,-0.9,-0.3,-0.8,1.2,-1.3,-0.5,-0.8,0.4,1.0,-0.7,-0.1,-0.3,-2.272,-3.253,-2.393,-1.571,-1.6,-3.376,-2.999,-1.913,-2.637,-2.505,-2.731,-2.993
2005,0.7,0.59,0.74,0.62,0.74,0.65,0.66,0.76,0.7,0.78,0.75,0.73,0.1,0.0,-0.7,0.6,0.1,-0.1,0.1,0.8,0.1,-0.8,-0.8,-0.1,25.12,20.29,22.12,25.52,24.64,21.43,22.51,25.23,24.58,20.36,19.76,19.9,-0.61,-0.57,-0.71,-0.58,0.13,-0.4,-0.67,-1.37,-0.04,-1.27,-1.11,-0.68,27.57,25.44,24.05,26.25,25.96,25.98,26.76,26.93,27.4,24.22,24.77,24.8,0.0,0.22,-1.21,-0.13,0.28,0.11,0.11,-0.23,0.19,-0.98,-0.32,-0.21,27.93,26.96,25.84,26.97,27.18,27.37,27.91,27.5,28.1,26.29,26.7,26.64,0.13,0.06,-0.8,0.24,0.61,0.08,0.2,0.27,0.22,-0.54,-0.07,-0.12,28.8,28.71,28.26,28.71,29.11,28.92,29.07,28.74,29.0,28.56,28.74,28.64,0.29,0.02,-0.18,0.61,0.89,0.13,0.23,0.51,0.21,-0.12,0.06,-0.04,-0.5,0.3,0.8,-2.2,-0.1,-0.6,0.1,0.0,-0.2,0.4,0.0,-0.1,0.4,-0.1,-0.8,0.6,0.6,-0.1,0.1,0.5,0.3,-0.6,-0.3,-0.1,1.0,0.69,1.07,-0.11,-0.62,-0.02,0.42,0.56,1.62,-0.74,1.16,1.32,-0.6,-0.3,0.0,-3.1,0.3,0.2,0.4,0.3,-0.8,-0.2,1.2,0.4,-2.383,-2.124,-0.475,-2.605,-2.598,-1.885,-1.897,-2.408,-2.284,-1.264,-1.668,-1.999
2006,0.52,0.72,0.77,0.8,0.63,0.55,0.65,0.67,0.52,0.72,0.68,0.69,-0.8,0.6,0.6,-0.5,-0.7,0.2,-0.1,-0.6,-0.3,0.8,0.6,0.6,24.52,21.61,23.95,26.68,24.41,22.0,22.9,26.32,24.17,22.82,22.48,21.73,-1.21,0.75,1.11,0.58,-0.11,0.17,-0.27,-0.28,-0.44,1.2,1.6,1.15,27.27,25.61,26.41,26.11,24.85,25.85,26.65,26.59,27.16,26.08,25.88,25.81,-0.3,0.39,1.14,-0.27,-0.82,-0.02,0.0,-0.57,-0.05,0.88,0.79,0.8,27.52,27.23,27.74,26.06,25.64,27.28,27.79,26.57,27.82,27.67,27.42,27.29,-0.28,0.33,1.1,-0.67,-0.93,-0.01,0.08,-0.66,-0.06,0.85,0.65,0.53,28.17,29.11,29.35,27.37,27.66,28.93,29.0,27.74,28.65,29.51,29.32,29.33,-0.34,0.42,0.9,-0.73,-0.56,0.14,0.16,-0.49,-0.14,0.84,0.63,0.66,0.3,-0.5,-0.8,0.4,0.8,0.0,-0.4,1.1,0.7,-0.7,-1.0,-0.5,-0.4,0.3,0.9,-0.8,-0.9,0.1,0.0,-0.6,-0.1,0.9,0.8,0.5,0.2,-1.45,1.55,-0.44,-0.1,1.29,-1.02,-0.56,-1.03,-1.34,-0.76,0.31,1.1,-1.0,-0.3,0.1,1.7,-0.6,-0.2,1.8,-0.5,0.1,-1.3,-0.6,-0.601,-1.087,-1.204,0.067,0.151,-1.289,-1.501,-0.099,-1.17,-1.184,-1.131,-0.991
2007,0.8,0.58,0.52,0.72,0.93,0.58,0.57,0.69,0.66,0.58,0.61,0.61,-0.5,-0.9,-1.3,0.5,0.6,-0.6,-1.0,-0.1,-0.6,-1.2,-1.2,-1.1,25.19,19.89,21.12,26.26,25.13,21.18,22.34,26.28,23.49,19.72,19.28,19.51,-0.54,-0.97,-1.72,0.16,0.61,-0.65,-0.83,-0.33,-1.12,-1.9,-1.59,-1.07,27.26,24.2,23.91,26.52,26.61,25.24,26.19,26.71,26.42,23.66,23.8,23.99,-0.31,-1.02,-1.36,0.14,0.94,-0.63,-0.46,-0.46,-0.79,-1.54,-1.29,-1.02,27.7,26.32,25.47,26.84,27.31,26.89,27.57,27.16,27.45,25.4,25.58,25.9,-0.1,-0.58,-1.18,0.11,0.75,-0.41,-0.14,-0.08,-0.43,-1.42,-1.19,-0.86,28.66,28.53,27.65,28.61,28.92,28.55,28.73,28.63,28.65,27.57,28.05,28.16,0.15,-0.17,-0.8,0.52,0.69,-0.24,-0.11,0.4,-0.14,-1.1,-0.63,-0.52,-0.1,0.4,1.5,-0.1,-1.4,0.7,0.4,0.4,0.1,0.2,1.0,0.5,-0.3,-0.8,-1.6,0.2,0.7,-0.6,-0.5,-0.1,-0.4,-1.5,-1.3,-1.1,0.97,1.96,-0.16,-0.42,0.27,1.65,-0.3,-0.12,0.03,0.65,0.77,1.52,-0.1,0.4,1.7,-0.1,-0.8,-0.3,0.5,0.2,-0.1,0.9,0.7,0.2,-2.341,-2.305,0.85,-1.834,-1.594,-2.565,-2.697,-2.022,-2.655,-0.302,-1.291,-1.865
2008,0.52,0.48,0.57,0.35,0.29,0.56,0.51,0.74,0.52,0.71,0.69,0.63,-1.3,-1.0,-1.1,-1.2,-1.1,-0.9,-0.8,-1.6,-1.0,-1.1,-1.1,-1.0,26.05,22.04,22.58,26.36,24.26,22.74,23.62,27.12,24.69,21.63,21.32,21.7,0.32,1.18,-0.26,0.27,-0.26,0.9,0.44,0.52,0.07,0.0,0.45,1.12,27.28,25.79,24.64,25.3,24.32,26.12,26.52,26.69,27.18,25.15,25.32,25.35,-0.29,0.57,-0.63,-1.08,-1.35,0.25,-0.12,-0.47,-0.03,-0.05,0.23,0.34,26.95,26.83,25.83,25.25,24.97,27.03,27.07,26.3,27.19,26.47,26.57,26.52,-0.85,-0.07,-0.82,-1.49,-1.59,-0.27,-0.64,-0.94,-0.69,-0.35,-0.2,-0.24,27.57,28.02,27.68,26.71,26.78,28.11,27.99,27.14,27.9,28.17,28.25,28.09,-0.94,-0.68,-0.77,-1.39,-1.44,-0.68,-0.85,-1.09,-0.9,-0.5,-0.43,-0.58,1.2,0.3,1.6,2.1,0.6,0.5,0.3,1.9,0.9,0.5,0.7,0.1,-1.0,-0.2,-0.7,-1.5,-1.6,-0.4,-0.6,-1.3,-0.8,-0.6,-0.4,-0.2,-1.18,0.89,-1.71,0.37,-1.06,-0.51,-1.76,-0.61,1.25,1.05,1.11,0.89,0.7,1.0,1.4,2.6,1.8,0.3,0.6,1.4,-0.1,1.3,1.3,1.2,2.493,1.173,0.779,2.404,1.836,1.429,1.613,2.671,2.015,0.787,0.839,0.955
2009,0.59,0.71,0.7,0.52,0.66,0.71,0.64,0.54,0.62,0.81,0.69,0.74,-0.7,0.5,1.1,-0.9,-1.0,0.6,0.3,-0.9,-0.6,1.2,0.6,0.4,26.07,21.66,23.46,25.86,24.36,22.82,23.9,26.11,25.11,21.87,21.12,21.21,0.34,0.8,0.62,-0.24,-0.16,0.98,0.73,-0.49,0.5,0.25,0.25,0.63,27.53,26.05,26.67,25.96,25.32,26.66,27.28,26.51,27.59,26.27,25.84,25.83,-0.04,0.83,1.41,-0.42,-0.35,0.79,0.63,-0.65,0.38,1.07,0.75,0.82,27.65,27.59,28.33,26.13,25.76,27.83,28.13,26.61,28.06,28.25,27.69,27.48,-0.16,0.69,1.68,-0.6,-0.8,0.53,0.42,-0.62,0.18,1.43,0.92,0.71,28.3,29.17,29.62,27.41,27.38,29.06,28.96,27.69,28.82,29.84,29.54,29.04,-0.21,0.47,1.17,-0.69,-0.84,0.27,0.12,-0.54,0.03,1.17,0.86,0.37,0.7,,-2.6,1.3,1.3,,,0.9,0.6,0.0,,,-0.3,0.6,1.6,-0.8,-0.9,0.5,0.3,-0.6,0.0,1.4,1.0,0.7,-0.04,0.62,0.04,-1.57,0.13,0.72,0.48,-1.29,-0.43,0.19,0.64,1.03,0.8,-0.2,-0.7,1.9,1.1,0.2,0.1,0.4,-0.1,-0.6,-1.2,0.3,0.107,-1.309,-2.571,0.753,0.793,-0.848,-0.476,0.514,-0.284,-2.418,-2.025,-1.687
2010,0.89,0.66,0.52,0.82,0.74,0.66,0.7,0.9,0.78,0.79,0.67,0.62,0.4,-2.5,-1.9,1.3,1.0,-2.5,-1.7,1.3,-0.5,-2.1,-2.2,-2.4,26.35,19.93,21.64,25.79,24.52,20.76,23.36,26.5,24.75,20.3,19.46,19.23,0.62,-0.92,-1.2,-0.3,0.0,-1.07,0.18,-0.1,0.13,-1.32,-1.41,-1.35,28.12,24.23,23.98,27.12,26.73,25.0,26.08,27.88,27.13,23.95,23.72,24.07,0.55,-0.99,-1.29,0.74,1.06,-0.87,-0.56,0.72,-0.09,-1.25,-1.36,-0.94,28.4,25.69,25.44,27.92,28.1,26.38,27.16,28.34,27.77,25.38,25.36,25.46,0.59,-1.21,-1.21,1.19,1.53,-0.92,-0.55,1.11,-0.11,-1.44,-1.41,-1.31,29.21,27.56,27.31,29.01,29.39,28.13,28.58,29.1,29.0,27.24,27.33,27.2,0.7,-1.13,-1.14,0.92,1.16,-0.66,-0.26,0.87,0.21,-1.43,-1.35,-1.47,-0.3,1.0,2.2,-2.3,-2.1,0.8,1.0,-1.5,0.6,1.5,1.3,1.3,0.4,-1.4,-1.6,1.2,1.5,-1.1,-0.7,0.8,-0.2,-1.6,-1.6,-1.6,1.26,1.07,-2.08,0.48,0.96,0.89,-0.1,1.68,-0.73,-0.81,2.15,1.07,1.2,1.8,2.9,-1.5,-1.1,1.8,0.4,-0.7,0.9,1.3,1.7,2.2,-1.75,-0.218,1.53,-2.398,-2.649,-0.564,-0.957,-2.127,-1.548,1.167,0.681,0.113
2011,0.65,0.7,0.61,0.51,0.55,0.72,0.63,0.67,0.55,0.59,0.71,0.6,-1.9,-0.9,-1.2,-1.6,-1.9,-0.9,-1.1,-1.8,-1.3,-1.3,-1.4,-1.2,25.61,20.8,22.18,26.11,23.89,22.12,23.42,26.1,24.78,20.96,19.95,19.88,-0.12,-0.06,-0.65,0.01,-0.62,0.29,0.25,-0.5,0.16,-0.67,-0.93,-0.7,27.2,24.88,24.35,25.58,24.4,25.88,26.59,26.37,26.94,24.18,24.35,24.44,-0.37,-0.34,-0.92,-0.8,-1.28,0.01,-0.05,-0.8,-0.28,-1.02,-0.74,-0.57,27.05,26.48,25.66,25.55,25.09,27.11,27.4,26.4,27.49,25.85,26.06,26.09,-0.76,-0.42,-0.99,-1.19,-1.48,-0.19,-0.31,-0.83,-0.39,-0.98,-0.71,-0.67,27.76,28.46,27.44,27.03,27.04,28.38,28.36,27.73,28.37,27.87,27.99,28.11,-0.75,-0.23,-1.01,-1.07,-1.18,-0.4,-0.49,-0.5,-0.42,-0.81,-0.69,-0.57,1.1,0.2,1.5,2.3,2.0,0.0,-0.1,1.7,0.3,0.8,0.9,0.2,-0.7,-0.6,-1.0,-1.2,-1.4,-0.5,-0.4,-0.9,-0.6,-1.1,-1.0,-0.8,-1.78,1.4,0.06,-2.41,1.0,-0.75,0.35,0.38,0.25,-0.76,0.86,-0.39,1.9,0.4,2.5,2.7,2.3,1.0,0.2,2.5,0.4,1.1,0.8,1.0,1.271,0.168,0.844,1.577,1.523,0.387,0.675,1.546,0.844,0.363,0.07,-0.029
2012,0.75,0.65,0.56,0.54,0.48,0.63,0.66,0.54,0.75,0.79,0.78,0.75,-0.5,0.0,0.0,-0.7,-1.1,0.4,-0.1,-0.6,-0.4,-0.2,-0.2,-0.3,26.55,20.95,22.39,25.95,23.91,22.13,24.49,26.52,25.42,21.52,20.42,21.13,0.82,0.09,-0.45,-0.15,-0.61,0.3,1.31,-0.08,0.81,-0.1,-0.46,0.55,27.49,25.92,24.61,26.13,25.2,26.47,27.19,27.04,27.26,25.44,25.11,25.41,-0.09,0.7,-0.65,-0.25,-0.48,0.6,0.55,-0.12,0.05,0.24,0.02,0.4,27.29,27.58,26.18,26.18,25.91,27.57,27.95,26.79,27.69,27.32,27.13,27.2,-0.51,0.68,-0.47,-0.55,-0.65,0.27,0.24,-0.44,-0.19,0.5,0.36,0.44,27.98,28.78,28.45,27.47,27.31,28.54,28.5,27.55,28.37,29.04,29.03,28.8,-0.53,0.09,0.01,-0.63,-0.92,-0.25,-0.34,-0.68,-0.42,0.37,0.34,0.12,0.1,0.1,0.5,1.9,1.7,-0.8,0.1,0.9,0.0,-0.2,-0.4,-0.5,-0.5,0.4,-0.2,-0.7,-0.9,0.3,0.0,-0.6,-0.3,0.1,0.3,0.4,-0.09,-0.2,-1.31,0.7,0.13,-0.57,-0.42,-0.19,-0.29,-1.06,-1.13,-0.39,-0.3,-0.2,-0.6,0.5,1.1,0.0,-0.4,0.7,0.0,0.3,0.3,0.2,1.596,-0.718,-1.515,1.479,1.082,-0.046,0.601,1.613,1.191,-1.626,-1.74,-1.412
2013,0.57,0.7,0.72,0.62,0.7,0.61,0.67,0.68,0.66,0.81,0.68,0.77,-0.4,-0.5,-0.3,0.0,0.0,-0.8,-1.1,-0.2,-0.9,-0.2,-0.2,-0.4,24.65,19.83,22.83,25.98,24.37,20.02,21.27,26.11,23.24,20.98,20.2,19.81,-1.08,-1.03,-0.01,-0.11,-0.14,-1.81,-1.9,-0.49,-1.37,-0.64,-0.67,-0.77,27.59,24.5,25.29,25.83,25.0,25.3,25.84,27.2,26.52,24.97,25.04,24.96,0.02,-0.72,0.03,-0.55,-0.67,-0.57,-0.8,0.04,-0.69,-0.23,-0.05,-0.05,27.92,26.43,26.47,26.25,26.09,27.04,27.37,27.02,27.58,26.73,26.62,26.82,0.11,-0.47,-0.18,-0.48,-0.48,-0.26,-0.34,-0.22,-0.3,-0.09,-0.15,0.05,28.36,28.5,28.15,28.19,28.14,28.61,28.57,27.74,28.57,28.81,28.8,28.74,-0.15,-0.19,-0.3,0.09,-0.08,-0.17,-0.27,-0.49,-0.22,0.14,0.12,0.06,0.6,0.8,0.7,0.1,-0.3,0.6,0.4,-0.2,0.6,0.5,0.1,0.3,-0.3,-0.3,-0.3,-0.4,-0.4,-0.4,-0.4,-0.3,-0.4,-0.2,-0.2,-0.3,-1.76,-0.06,-1.16,0.3,0.05,-0.71,-0.35,-0.26,-0.24,-1.14,-0.21,0.41,0.2,0.2,0.1,-0.2,-0.1,0.8,1.2,1.5,0.8,0.7,-0.1,0.3,-1.528,-2.185,-1.077,-0.999,-1.149,-2.398,-2.379,-1.167,-1.929,-1.043,-1.583,-1.936
2014,0.85,0.82,0.79,0.57,0.74,0.61,0.72,0.82,0.87,0.68,0.81,0.87,-0.2,0.2,0.3,-0.4,-0.5,0.4,0.0,-0.2,-0.3,0.3,0.0,-0.1,25.38,21.88,22.73,25.18,24.71,23.19,24.39,25.81,25.18,22.36,21.26,21.32,-0.35,1.02,-0.11,-0.92,0.19,1.36,1.22,-0.79,0.57,0.74,0.39,0.74,27.74,25.54,26.03,25.63,25.47,26.35,27.58,27.11,27.8,26.08,25.71,25.35,0.17,0.32,0.77,-0.75,-0.2,0.48,0.93,-0.05,0.59,0.88,0.63,0.34,27.99,26.89,27.28,25.89,26.07,27.27,28.18,26.89,28.33,27.57,27.2,27.07,0.18,-0.01,0.63,-0.85,-0.49,-0.03,0.47,-0.34,0.45,0.75,0.43,0.31,28.83,28.97,29.2,27.93,27.91,28.83,29.07,28.28,29.27,29.4,29.15,29.21,0.32,0.28,0.75,-0.16,-0.32,0.04,0.22,0.05,0.48,0.73,0.47,0.53,-1.0,0.3,0.0,0.2,0.2,-0.2,-0.7,-1.1,-0.1,0.2,-0.2,0.0,0.0,0.1,0.7,-0.5,-0.4,0.1,0.2,-0.3,0.2,0.6,0.5,0.2,0.0,1.35,0.37,-1.57,0.59,0.5,-1.44,-0.5,-0.59,0.64,1.14,0.78,0.8,-0.7,-0.6,0.1,1.4,-0.2,0.2,-0.9,0.5,-0.9,-0.6,-0.7,-1.483,-0.499,-2.117,-1.503,-1.358,-0.406,-0.636,-1.408,-1.122,-1.715,-1.238,-0.813
2015,0.8,0.83,1.13,0.89,0.82,0.76,0.87,0.96,0.82,1.06,1.1,0.9,0.5,1.9,1.9,0.0,0.2,1.7,1.7,0.1,1.2,1.9,2.1,2.1,26.69,22.66,24.94,25.53,24.58,24.31,25.09,26.73,25.95,23.67,23.07,22.84,0.96,1.8,2.1,-0.57,0.06,2.48,1.91,0.13,1.34,2.04,2.2,2.26,28.33,27.06,27.84,26.75,26.21,27.58,27.9,27.29,28.07,27.9,27.46,27.1,0.76,1.84,2.57,0.37,0.54,1.71,1.26,0.12,0.86,2.7,2.38,2.09,28.63,28.55,29.03,27.48,27.07,28.56,28.73,27.68,28.71,29.54,28.98,28.55,0.82,1.65,2.39,0.75,0.51,1.26,1.02,0.44,0.83,2.72,2.21,1.79,29.62,29.42,29.84,29.06,28.92,29.68,29.74,29.17,29.68,30.22,29.63,29.46,1.1,0.73,1.4,0.96,0.7,0.89,0.9,0.94,0.89,1.55,0.95,0.79,-1.0,-1.5,-2.7,-0.1,0.1,-0.4,-1.4,-1.9,-0.9,-1.5,-1.5,-1.7,0.7,1.9,2.6,0.5,0.6,1.5,1.2,0.5,0.9,2.6,2.4,2.2,-0.39,0.05,0.47,0.49,0.14,0.29,-0.07,-0.52,-0.05,-0.2,2.12,-0.8,0.0,-1.4,-0.6,0.2,-0.8,-1.1,-0.6,-0.7,-0.7,-0.5,-1.7,-1.6,-1.434,0.112,-1.188,-2.435,-2.476,0.1,-0.198,-1.984,-0.702,-0.676,-0.404,-0.139
2016,1.14,0.96,0.9,1.33,1.22,0.85,0.83,1.34,0.99,0.94,0.88,0.92,1.2,-0.2,-0.2,1.8,1.9,-0.5,0.2,1.3,1.1,-0.3,-0.5,-0.3,26.18,21.26,23.26,27.1,25.72,22.22,23.54,27.72,25.06,21.88,21.35,21.17,0.45,0.4,0.42,1.01,1.21,0.39,0.37,1.11,0.44,0.26,0.48,0.59,28.27,24.79,24.98,28.31,28.16,25.41,26.62,28.69,27.18,24.69,24.61,24.91,0.7,-0.43,-0.28,1.93,2.49,-0.47,-0.02,1.53,-0.03,-0.51,-0.48,-0.1,28.79,26.41,26.31,28.97,29.04,26.88,27.73,28.85,28.15,26.18,26.07,26.34,0.98,-0.49,-0.33,2.23,2.47,-0.42,0.02,1.61,0.27,-0.64,-0.7,-0.43,29.26,28.69,28.38,29.47,29.49,28.94,29.26,29.42,29.35,28.27,28.28,28.51,0.75,-0.01,-0.06,1.37,1.26,0.15,0.41,1.2,0.56,-0.41,-0.4,-0.16,-0.9,0.7,1.2,-2.4,-2.0,0.4,0.1,-1.6,-0.2,1.2,0.9,0.7,0.9,-0.5,-0.6,2.1,2.5,-0.4,-0.1,1.6,0.4,-0.7,-0.7,-0.6,0.6,-0.91,-0.65,1.68,1.94,0.53,-0.64,0.41,-0.85,1.44,1.53,0.11,-1.2,0.7,0.3,-2.0,-2.2,0.4,0.6,-0.1,0.4,-0.1,-0.3,1.2,-1.978,-0.508,1.097,-1.802,-1.63,-0.968,-1.441,-1.946,-1.763,0.69,0.324,-0.101
2017,0.97,0.88,0.98,1.11,1.05,0.82,0.77,1.17,0.9,0.91,0.92,0.83,-0.4,-0.9,-0.7,-0.2,-0.2,-0.9,-0.6,-0.5,-0.1,-0.5,-0.6,-0.8,26.5,20.58,21.62,27.24,25.58,21.52,23.15,28.43,24.96,20.5,19.8,19.87,0.77,-0.28,-1.22,1.14,1.07,-0.32,-0.03,1.83,0.35,-1.12,-1.07,-0.71,28.13,25.23,24.12,26.91,25.64,26.02,26.71,27.66,27.59,24.25,24.69,24.5,0.56,0.02,-1.14,0.53,-0.03,0.15,0.07,0.5,0.38,-0.95,-0.39,-0.51,28.17,26.85,25.72,26.83,26.3,27.58,28.1,27.44,28.3,25.91,26.4,26.44,0.36,-0.06,-0.93,0.1,-0.26,0.28,0.39,0.21,0.42,-0.91,-0.37,-0.32,28.62,28.78,28.06,28.01,28.15,29.02,29.28,28.17,28.98,28.32,28.56,28.59,0.11,0.09,-0.39,-0.09,-0.07,0.23,0.44,-0.06,0.19,-0.35,-0.13,-0.09,0.4,0.2,0.7,1.4,0.9,-0.6,0.6,1.1,0.1,0.9,0.6,0.6,0.2,-0.1,-1.0,-0.2,-0.3,0.1,0.3,0.1,0.3,-0.8,-0.7,-0.4,0.14,0.2,0.58,-0.05,-0.29,1.33,1.18,-0.03,-0.19,-1.98,-0.28,-0.32,-0.2,0.5,-0.1,-0.1,0.2,0.8,-0.4,0.9,0.3,0.9,0.9,0.6,0.592,-1.925,-1.264,1.465,1.447,-1.575,-1.15,1.268,-0.267,-1.548,-1.735,-1.847
2018,0.89,0.75,0.93,0.89,0.82,0.8,0.75,0.93,0.81,0.83,1.05,0.81,-1.3,0.1,0.1,-0.7,-0.8,-0.3,-0.6,-0.9,-0.9,0.2,0.4,0.5,24.89,20.67,23.67,25.61,23.78,21.54,22.48,25.85,24.07,22.4,21.15,20.6,-0.84,-0.18,0.84,-0.49,-0.74,-0.29,-0.69,-0.75,-0.54,0.78,0.27,0.02,27.08,25.36,26.21,25.59,24.59,26.14,26.82,26.43,27.07,26.12,25.85,25.29,-0.49,0.14,0.94,-0.79,-1.09,0.27,0.18,-0.73,-0.15,0.92,0.76,0.28,27.31,27.18,27.54,26.06,25.87,27.52,27.86,26.5,27.77,27.69,27.63,27.1,-0.49,0.28,0.9,-0.67,-0.7,0.22,0.15,-0.73,-0.11,0.86,0.86,0.33,28.56,29.16,29.41,27.84,28.02,29.01,29.08,28.04,28.92,29.46,29.56,29.13,0.05,0.47,0.97,-0.26,-0.2,0.22,0.24,-0.18,0.13,0.79,0.88,0.46,1.2,0.3,-0.3,0.0,1.7,0.2,1.0,0.5,1.0,-0.5,0.3,0.2,-0.5,0.2,0.8,-0.9,-0.9,0.1,0.0,-0.7,-0.2,0.9,0.8,0.5,-1.12,1.24,0.56,-1.67,-0.14,-0.76,0.66,-1.16,-1.09,0.22,0.39,1.16,0.5,-0.3,1.0,-0.5,1.1,0.2,-0.1,1.5,0.4,-0.1,0.4,-0.9,-1.65,-2.159,-1.7,-1.26,-1.134,-2.089,-2.118,-1.32,-1.978,-1.734,-1.89,-1.979
2019,1.02,0.91,1.09,0.91,0.91,0.91,0.9,1.16,0.9,0.99,1.0,0.96,0.3,0.3,0.4,0.5,0.0,0.2,0.3,0.7,0.2,0.4,0.2,0.1,26.2,20.39,23.11,26.77,25.32,21.24,23.15,27.11,24.76,21.49,19.94,19.86,0.47,-0.47,0.27,0.67,0.8,-0.59,-0.03,0.5,0.15,-0.13,-0.93,-0.72,28.21,25.11,25.56,27.09,26.41,25.93,27.07,27.95,27.87,25.57,25.25,24.8,0.64,-0.11,0.29,0.71,0.73,0.06,0.42,0.79,0.66,0.37,0.16,-0.21,28.53,27.05,27.08,27.44,27.24,27.72,28.31,28.21,28.63,27.28,27.28,26.75,0.72,0.15,0.44,0.71,0.67,0.42,0.6,0.97,0.75,0.46,0.52,-0.01,29.13,29.31,29.29,28.94,29.06,29.51,29.53,29.09,29.41,29.4,29.53,29.25,0.61,0.62,0.85,0.85,0.83,0.73,0.69,0.87,0.62,0.73,0.84,0.57,-0.8,0.0,-0.2,-1.8,-0.7,0.1,-0.3,-1.2,-0.7,-0.1,0.4,0.5,0.7,0.1,0.6,0.7,0.8,0.3,0.5,0.7,0.5,0.5,0.4,0.2,-0.84,1.16,-0.12,-1.73,0.42,0.62,0.24,-0.05,-0.17,-0.07,-0.97,1.62,0.1,-0.1,-0.6,-1.4,0.0,-0.4,-0.5,-0.3,-0.4,-0.8,-0.4,-1.2,-2.226,-3.344,-2.549,-1.774,-1.725,-3.045,-2.75,-1.892,-2.535,-2.857,-3.001,-3.286
2020,1.13,0.89,0.83,1.19,1.13,0.9,0.92,1.16,0.99,1.05,0.9,0.97,-0.1,-0.9,-1.2,0.1,0.2,-0.9,-0.9,0.1,-0.4,-1.1,-1.2,-1.2,26.01,20.17,21.98,26.24,24.49,20.83,22.31,27.04,24.33,20.95,20.12,19.82,0.28,-0.69,-0.86,0.14,-0.03,-1.01,-0.87,0.44,-0.28,-0.67,-0.76,-0.76,27.96,24.79,24.56,26.48,25.89,25.45,26.07,27.34,27.08,24.17,24.19,24.21,0.39,-0.43,-0.7,0.1,0.22,-0.42,-0.57,0.17,-0.13,-1.03,-0.9,-0.8,28.22,26.38,25.66,27.09,27.08,27.15,27.44,27.7,27.67,25.59,25.64,26.12,0.41,-0.52,-0.99,0.35,0.52,-0.14,-0.27,0.46,-0.21,-1.23,-1.13,-0.64,29.04,28.36,27.6,28.98,29.16,28.83,28.99,28.95,28.83,27.98,27.97,28.25,0.53,-0.34,-0.85,0.88,0.94,0.05,0.15,0.73,0.04,-0.7,-0.71,-0.43,0.7,0.8,1.8,-1.3,-0.7,0.8,1.1,0.1,0.7,1.2,1.1,0.8,0.2,-0.6,-1.2,0.5,0.5,-0.4,-0.3,0.4,-0.1,-1.3,-1.2,-0.9,-1.38,1.8,1.28,-0.07,-0.95,1.2,0.86,-2.41,0.27,0.21,-1.08,0.59,0.2,1.1,1.8,-0.1,0.2,0.4,-0.4,-0.1,0.4,0.7,0.5,0.9,-1.756,-1.586,0.571,-2.029,-2.208,-1.72,-1.855,-1.811,-1.891,0.165,-0.441,-1.09
2021,0.79,0.83,0.86,0.66,0.83,0.91,0.85,0.88,0.81,0.94,0.99,0.91,-1.0,-1.3,-1.2,-0.9,-1.2,-1.5,-1.3,-0.8,-1.2,-1.4,-1.5,-1.4,24.6,20.84,21.31,25.51,23.78,22.08,23.12,26.18,23.78,20.81,20.58,20.76,-1.13,-0.01,-1.53,-0.58,-0.74,0.25,-0.05,-0.42,-0.83,-0.81,-0.29,0.18,26.81,25.02,24.06,25.67,25.16,25.77,26.55,26.69,26.76,24.43,24.53,24.84,-0.76,-0.2,-1.21,-0.71,-0.51,-0.1,-0.09,-0.47,-0.45,-0.77,-0.56,-0.17,27.24,26.62,25.6,25.87,25.67,27.11,27.67,26.69,27.56,25.97,26.0,26.49,-0.57,-0.28,-1.05,-0.87,-0.9,-0.19,-0.04,-0.55,-0.32,-0.85,-0.77,-0.27,28.33,28.62,27.68,27.23,27.22,28.66,28.88,27.81,28.73,27.99,28.11,28.25,-0.18,-0.07,-0.76,-0.87,-1.0,-0.13,0.04,-0.41,-0.06,-0.68,-0.57,-0.42,0.1,1.0,1.1,1.1,2.2,0.3,0.8,1.5,0.2,1.4,1.2,0.7,-0.7,-0.5,-1.0,-0.9,-1.1,-0.4,-0.4,-0.8,-0.5,-1.0,-0.8,-0.7,-1.26,0.93,-2.85,-0.71,-0.41,0.11,0.82,-1.24,-1.1,0.68,1.41,0.33,0.3,0.6,1.5,1.5,1.9,1.4,0.4,0.4,0.5,1.0,0.7,0.8,-0.422,-0.19,-0.74,0.379,0.701,-0.521,-0.817,-0.007,-0.642,-0.451,-0.287,-0.198
2022,0.89,0.92,0.84,0.91,0.92,0.88,0.89,1.11,0.86,0.75,0.96,0.89,-1.8,-1.8,-1.2,-1.0,-1.1,-2.1,-2.1,-1.3,-1.9,-1.5,-1.7,-1.8,24.31,20.29,22.54,24.66,23.82,20.67,21.77,25.95,23.2,20.27,19.06,19.46,-1.42,-0.57,-0.3,-1.43,-0.7,-1.16,-1.41,-0.66,-1.42,-1.36,-1.81,-1.12,26.68,24.69,24.48,25.32,24.5,25.51,26.02,26.46,26.3,24.31,24.17,24.21,-0.89,-0.53,-0.78,-1.06,-1.17,-0.36,-0.62,-0.7,-0.92,-0.89,-0.92,-0.8,26.85,25.92,25.81,26.02,25.73,26.68,27.03,26.34,26.83,25.89,25.92,25.83,-0.95,-0.98,-0.84,-0.71,-0.83,-0.62,-0.68,-0.89,-1.05,-0.93,-0.85,-0.93,27.79,27.76,27.71,27.87,28.0,27.9,28.27,27.58,27.93,27.77,27.6,27.67,-0.72,-0.93,-0.73,-0.23,-0.22,-0.88,-0.57,-0.65,-0.86,-0.9,-1.08,-1.01,1.6,1.2,1.7,1.6,1.1,0.8,1.0,1.8,1.5,1.3,1.2,1.2,-1.1,-0.9,-0.8,-0.9,-1.0,-0.8,-0.9,-1.0,-1.0,-0.9,-1.0,-1.0,-0.96,0.76,-0.96,0.58,0.65,1.96,-0.22,-0.16,-0.64,-0.71,0.35,0.13,1.7,1.0,2.1,1.1,0.5,0.8,1.7,1.8,1.4,0.3,1.7,1.6,-0.601,-0.28,,-0.517,-0.569,-0.313,-0.478,-0.574,-0.374,0.135,0.123,-0.133
2023,0.98,,,1.0,0.87,,1.05,1.23,0.96,,,,-0.4,,,-0.8,-1.1,,0.2,-0.7,-0.1,,,,28.18,,,26.8,24.27,,25.81,28.12,26.63,,,,2.45,,,0.71,-0.24,,2.63,1.52,2.02,,,,28.02,,,26.25,25.17,,27.85,27.52,28.11,,,,0.44,,,-0.13,-0.5,,1.21,0.36,0.9,,,,27.99,,,26.29,25.88,,28.59,27.23,28.35,,,,0.19,,,-0.44,-0.69,,0.88,-0.01,0.47,,,,28.81,,,27.58,27.62,,29.48,28.09,29.12,,,,0.3,,,-0.52,-0.6,,0.64,-0.14,0.33,,,,0.6,,,1.4,1.8,,-0.3,1.4,-0.2,,,,0.2,,,-0.4,-0.7,,0.8,-0.1,0.5,,,,-0.65,,,-1.15,-0.37,,0.84,-1.89,-0.67,,,,0.2,,,1.4,1.4,,0.3,0.2,-1.0,,,,,,,,,,,,,,,
